"No."	"PosX"	"PosY"	"PosZ"	"FrontX"	"FrontY"	"FrontZ"	"LeftX"	"LeftY"	"LeftZ"	"UpX"	"UpY"	"UpZ"
1	11.005343	2.500031	-2.934512	-0.761641	0.000000	-0.647999	-0.458205	-0.707107	0.538561	-0.458205	0.707107	0.538561
2	10.967261	2.500031	-2.966912	-0.761936	0.000001	-0.647652	-0.447374	-0.723082	0.526316	-0.468305	0.690762	0.550943
3	10.929179	2.500031	-2.999311	-0.762331	-0.000040	-0.647187	-0.432676	-0.743637	0.509702	-0.481292	0.668584	0.566880
4	10.891097	2.500031	-3.031711	-0.762823	-0.000079	-0.646608	-0.413553	-0.768671	0.487974	-0.497067	0.639644	0.586327
5	10.853015	2.500031	-3.064111	-0.763409	-0.000076	-0.645915	-0.389355	-0.797841	0.460275	-0.515372	0.602868	0.609049
6	10.814932	2.500031	-3.096510	-0.764093	0.000001	-0.645106	-0.359357	-0.830479	0.425637	-0.535747	0.557050	0.634563
7	10.776703	2.500031	-3.128736	-0.764927	0.000099	-0.644117	-0.320806	-0.867204	0.380842	-0.558543	0.497953	0.663380
8	10.738424	2.500031	-3.160903	-0.765915	0.000135	-0.642942	-0.273073	-0.905391	0.325112	-0.582070	0.424578	0.693490
9	10.700096	2.500031	-3.193012	-0.766983	0.000105	-0.641667	-0.219214	-0.939877	0.261873	-0.603060	0.341514	0.720893
10	10.661718	2.500031	-3.225061	-0.768059	0.000037	-0.640379	-0.163025	-0.967064	0.195473	-0.619280	0.254533	0.742768
11	10.623290	2.500031	-3.257050	-0.769078	-0.000000	-0.639155	-0.108710	-0.985430	0.130808	-0.629842	0.170084	0.757872
12	10.584812	2.500031	-3.288978	-0.770060	0.000012	-0.637971	-0.055231	-0.996247	0.066648	-0.635576	0.086559	0.767171
13	10.546285	2.500031	-3.320848	-0.771057	0.000031	-0.636766	-0.000503	-1.000000	0.000560	-0.636766	0.000752	0.771057
14	10.507708	2.500031	-3.352657	-0.772062	0.000040	-0.635547	0.053362	-0.996465	-0.064886	-0.633303	-0.084010	0.769330
15	10.469081	2.500031	-3.384406	-0.773065	0.000028	-0.634326	0.104262	-0.986394	-0.127109	-0.625699	-0.164400	0.762544
16	10.430404	2.500031	-3.416092	-0.774059	-0.000003	-0.633114	0.150319	-0.971406	-0.183779	-0.615010	-0.237425	0.751926
17	10.391676	2.500031	-3.447717	-0.775060	-0.000019	-0.631888	0.192096	-0.952678	-0.235592	-0.601981	-0.303982	0.738386
18	10.352898	2.500031	-3.479281	-0.776074	-0.000009	-0.630642	0.230243	-0.930975	-0.283327	-0.587109	-0.365084	0.722507
19	10.314069	2.500031	-3.510782	-0.777096	0.000010	-0.629382	0.264871	-0.907129	-0.327049	-0.570934	-0.420854	0.704923
20	10.275189	2.500031	-3.542221	-0.778119	0.000017	-0.628117	0.296135	-0.881875	-0.366879	-0.553927	-0.471483	0.686198
21	10.236259	2.500031	-3.573596	-0.779133	-0.000004	-0.626858	0.324222	-0.855857	-0.402976	-0.536499	-0.517213	0.666828
22	10.197278	2.500031	-3.604908	-0.780146	-0.000019	-0.625598	0.349216	-0.829711	-0.435462	-0.519057	-0.558193	0.647302
23	10.158246	2.500031	-3.636157	-0.781164	-0.000009	-0.624326	0.371253	-0.803995	-0.464504	-0.501950	-0.594637	0.628055
24	10.119163	2.500031	-3.667343	-0.782187	0.000009	-0.623044	0.390592	-0.779086	-0.490371	-0.485409	-0.626917	0.609388
25	10.080029	2.500031	-3.698465	-0.783212	0.000016	-0.621755	0.407488	-0.755283	-0.513324	-0.469609	-0.655399	0.591540
26	10.040844	2.500031	-3.729521	-0.784235	-0.000004	-0.620464	0.422187	-0.732809	-0.533619	-0.454679	-0.680434	0.574696
27	10.001607	2.500031	-3.760512	-0.785260	-0.000018	-0.619166	0.434742	-0.712054	-0.551343	-0.440870	-0.702125	0.559155
28	9.962319	2.500031	-3.791438	-0.786289	-0.000009	-0.617859	0.445243	-0.693335	-0.566608	-0.428379	-0.720615	0.545166
29	9.922979	2.500031	-3.822300	-0.787321	0.000008	-0.616543	0.453929	-0.676703	-0.579673	-0.417221	-0.736256	0.532779
30	9.883588	2.500031	-3.853095	-0.788356	0.000014	-0.615220	0.461016	-0.662158	-0.590772	-0.407381	-0.749365	0.522009
31	9.844145	2.500031	-3.883823	-0.789391	-0.000005	-0.613890	0.466697	-0.649660	-0.600113	-0.398817	-0.760225	0.512839
32	9.804650	2.500031	-3.914484	-0.790431	-0.000017	-0.612551	0.470935	-0.639494	-0.607674	-0.391713	-0.768796	0.505484
33	9.765103	2.500031	-3.945080	-0.791473	-0.000008	-0.611204	0.473768	-0.631798	-0.613494	-0.386153	-0.775133	0.500055
34	9.725505	2.500031	-3.975608	-0.792518	0.000007	-0.609849	0.475348	-0.626455	-0.617737	-0.382047	-0.779458	0.496473
35	9.685854	2.500031	-4.006068	-0.793564	0.000013	-0.608487	0.475809	-0.623322	-0.620544	-0.379292	-0.781965	0.494640
36	9.646150	2.500031	-4.036459	-0.794609	-0.000005	-0.607121	0.475267	-0.622253	-0.622031	-0.377780	-0.782816	0.494450
37	9.606395	2.500031	-4.066782	-0.795651	-0.000015	-0.605755	0.473617	-0.623465	-0.622075	-0.377658	-0.781851	0.496069
38	9.566587	2.500031	-4.097037	-0.796695	-0.000007	-0.604382	0.470851	-0.626954	-0.620667	-0.378916	-0.779056	0.499494
39	9.526727	2.500031	-4.127223	-0.797739	0.000006	-0.603003	0.467055	-0.632507	-0.617895	-0.381408	-0.774554	0.504573
40	9.486814	2.500031	-4.157340	-0.798786	0.000011	-0.601615	0.462309	-0.639903	-0.613836	-0.384982	-0.768456	0.511140
41	9.446849	2.500031	-4.187385	-0.799838	-0.000005	-0.600216	0.456673	-0.648935	-0.608550	-0.389498	-0.760844	0.519045
42	9.406831	2.500031	-4.217361	-0.800899	-0.000014	-0.598799	0.449972	-0.659796	-0.601826	-0.395077	-0.751445	0.528436
43	9.366761	2.500031	-4.247267	-0.801965	-0.000006	-0.597372	0.442175	-0.672392	-0.593608	-0.401664	-0.740195	0.539237
44	9.326637	2.500031	-4.277102	-0.803031	0.000006	-0.595937	0.433329	-0.686485	-0.583922	-0.409105	-0.727144	0.551266
45	9.286460	2.500031	-4.306864	-0.804098	0.000010	-0.594497	0.423482	-0.701829	-0.572800	-0.417241	-0.712346	0.564335
46	9.246230	2.500031	-4.336554	-0.805161	-0.000005	-0.593056	0.412695	-0.718165	-0.560287	-0.425909	-0.695873	0.578241
47	9.205946	2.500031	-4.366172	-0.806220	-0.000013	-0.591616	0.400809	-0.735551	-0.546183	-0.435157	-0.677469	0.593021
48	9.165610	2.500031	-4.395719	-0.807280	-0.000006	-0.590169	0.387735	-0.753904	-0.530367	-0.444928	-0.656984	0.608614
49	9.125221	2.500031	-4.425194	-0.808340	0.000005	-0.588716	0.373553	-0.772901	-0.512915	-0.455021	-0.634526	0.624765
50	9.084778	2.500031	-4.454594	-0.809402	0.000008	-0.587256	0.358354	-0.792227	-0.493922	-0.465244	-0.610226	0.641227
51	9.044282	2.500031	-4.483920	-0.810466	-0.000005	-0.585786	0.342208	-0.811624	-0.473456	-0.475436	-0.584180	0.657795
52	9.003732	2.500031	-4.513172	-0.811539	-0.000011	-0.584298	0.324868	-0.831193	-0.451198	-0.485659	-0.555984	0.674549
53	8.963129	2.500031	-4.542351	-0.812617	-0.000006	-0.582798	0.306347	-0.850706	-0.427143	-0.495787	-0.525642	0.691300
54	8.922472	2.500031	-4.571455	-0.813697	0.000003	-0.581289	0.286747	-0.869860	-0.401397	-0.505642	-0.493299	0.707801
55	8.881761	2.500031	-4.600483	-0.814775	0.000006	-0.579777	0.266185	-0.888372	-0.374086	-0.515060	-0.459124	0.723822
56	8.840996	2.500031	-4.629434	-0.815851	-0.000004	-0.578263	0.244780	-0.905991	-0.345345	-0.523900	-0.423297	0.739154
57	8.800178	2.500031	-4.658310	-0.816929	-0.000009	-0.576738	0.222331	-0.922714	-0.314908	-0.532162	-0.385484	0.753794
58	8.759305	2.500031	-4.687111	-0.818011	-0.000005	-0.575202	0.198843	-0.938350	-0.282772	-0.539740	-0.345685	0.767582
59	8.718379	2.500031	-4.715835	-0.819095	0.000002	-0.573659	0.174485	-0.952619	-0.249141	-0.546479	-0.304165	0.780285
60	8.677398	2.500031	-4.744481	-0.820176	0.000005	-0.572112	0.149442	-0.965280	-0.214247	-0.552249	-0.261218	0.791698
61	8.636364	2.500031	-4.773048	-0.821253	-0.000004	-0.570565	0.123887	-0.976144	-0.178314	-0.556952	-0.217126	0.801661
62	8.595275	2.500031	-4.801538	-0.822333	-0.000008	-0.569006	0.097599	-0.985182	-0.141037	-0.560573	-0.171514	0.810149
63	8.554131	2.500031	-4.829951	-0.823419	-0.000005	-0.567434	0.070643	-0.992221	-0.102503	-0.563020	-0.124488	0.817014
64	8.512934	2.500031	-4.858285	-0.824505	0.000000	-0.565854	0.043261	-0.997073	-0.063035	-0.564198	-0.076452	0.822092
65	8.471682	2.500031	-4.886539	-0.825590	0.000003	-0.564270	0.015700	-0.999613	-0.022976	-0.564051	-0.027827	0.825271
66	8.430376	2.500031	-4.914712	-0.826674	-0.000002	-0.562681	-0.011870	-0.999777	0.017444	-0.562555	0.021100	0.826490
67	8.389016	2.500031	-4.942807	-0.827769	-0.000006	-0.561069	-0.039674	-0.997496	0.058543	-0.559665	0.070720	0.825696
68	8.347601	2.500031	-4.970822	-0.828870	-0.000005	-0.559441	-0.067550	-0.992683	0.100091	-0.555348	0.120753	0.822805
69	8.306131	2.500031	-4.998755	-0.829972	-0.000001	-0.557804	-0.095289	-0.985300	0.141785	-0.549605	0.170830	0.817772
70	8.264606	2.500031	-5.026607	-0.831071	0.000001	-0.556167	-0.122685	-0.975367	0.183323	-0.542466	0.220588	0.810599
71	8.223026	2.500031	-5.054375	-0.832159	-0.000001	-0.554536	-0.149519	-0.962964	0.224376	-0.533999	0.269631	0.801339
72	8.181392	2.500031	-5.082062	-0.833248	-0.000004	-0.552899	-0.175973	-0.947997	0.265208	-0.524147	0.318280	0.789916
73	8.139704	2.500031	-5.109668	-0.834342	-0.000005	-0.551248	-0.201980	-0.930452	0.305716	-0.512911	0.366413	0.776314
74	8.097960	2.500031	-5.137192	-0.835436	-0.000003	-0.549588	-0.227285	-0.910477	0.345505	-0.500388	0.413561	0.760644
75	8.056162	2.500031	-5.164631	-0.836527	-0.000001	-0.547925	-0.251653	-0.888289	0.384204	-0.486716	0.459284	0.743078
76	8.014309	2.500031	-5.191985	-0.837617	0.000000	-0.546258	-0.274959	-0.864083	0.421614	-0.472012	0.503349	0.723771
77	7.972401	2.500031	-5.219256	-0.838716	-0.000002	-0.544570	-0.297419	-0.837683	0.458071	-0.456178	0.546156	0.702577
78	7.930438	2.500031	-5.246443	-0.839820	-0.000005	-0.542865	-0.318894	-0.809271	0.493342	-0.439328	0.587435	0.679641
79	7.888420	2.500031	-5.273545	-0.840926	-0.000005	-0.541151	-0.339234	-0.779114	0.527163	-0.421621	0.626882	0.655176
80	7.846347	2.500031	-5.300561	-0.842028	-0.000003	-0.539433	-0.358309	-0.747524	0.559306	-0.403241	0.664235	0.629435
81	7.804219	2.500031	-5.327490	-0.843126	0.000002	-0.537717	-0.376065	-0.714757	0.589658	-0.384336	0.699373	0.602631
82	7.762036	2.500031	-5.354333	-0.844228	-0.000000	-0.535984	-0.392672	-0.680638	0.618498	-0.364811	0.732620	0.574614
83	7.719798	2.500031	-5.381091	-0.845336	-0.000005	-0.534236	-0.408071	-0.645399	0.645707	-0.344799	0.763845	0.545577
84	7.677504	2.500031	-5.407762	-0.846443	-0.000007	-0.532479	-0.422186	-0.609382	0.671128	-0.324488	0.792877	0.515804
85	7.635156	2.500031	-5.434343	-0.847548	-0.000004	-0.530719	-0.434970	-0.572951	0.694643	-0.304079	0.819590	0.485602
86	7.592752	2.500031	-5.460836	-0.848645	0.000004	-0.528962	-0.446417	-0.536430	0.716209	-0.283749	0.843945	0.455240
87	7.550293	2.500031	-5.487241	-0.849744	0.000002	-0.527195	-0.456696	-0.499570	0.736111	-0.263370	0.866274	0.424507
88	7.507779	2.500031	-5.513558	-0.850846	-0.000006	-0.525415	-0.465815	-0.462597	0.754335	-0.243060	0.886569	0.393596
89	7.465210	2.500031	-5.539786	-0.851949	-0.000010	-0.523626	-0.473756	-0.425904	0.770818	-0.223022	0.904769	0.362843
90	7.422586	2.500031	-5.565924	-0.853049	-0.000006	-0.521830	-0.480531	-0.389893	0.785540	-0.203463	0.920860	0.332595
91	7.379906	2.500031	-5.591970	-0.854150	0.000006	-0.520028	-0.486202	-0.354779	0.798586	-0.184490	0.934950	0.303037
92	7.337172	2.500031	-5.617926	-0.855255	0.000004	-0.518207	-0.490910	-0.320285	0.810201	-0.165971	0.947321	0.273927
93	7.294382	2.500031	-5.643792	-0.856364	-0.000006	-0.516373	-0.494695	-0.286697	0.820415	-0.148047	0.958021	0.245514
94	7.251536	2.500031	-5.669567	-0.857473	-0.000012	-0.514530	-0.497608	-0.254326	0.829279	-0.130868	0.967119	0.218071
95	7.208636	2.500031	-5.695248	-0.858580	-0.000008	-0.512680	-0.499712	-0.223477	0.836867	-0.114579	0.974709	0.191869
96	7.165680	2.500031	-5.720836	-0.859682	0.000008	-0.510829	-0.501091	-0.194337	0.843292	-0.099266	0.980935	0.167072
97	7.122669	2.500031	-5.746333	-0.860785	0.000006	-0.508968	-0.501856	-0.166598	0.848755	-0.084789	0.986025	0.143408
98	7.079603	2.500031	-5.771737	-0.861889	-0.000007	-0.507097	-0.502068	-0.140464	0.853345	-0.071235	0.990086	0.121062
99	7.036482	2.500031	-5.797047	-0.862993	-0.000015	-0.505215	-0.501790	-0.116219	0.857146	-0.058729	0.993224	0.100289
100	6.993306	2.500031	-5.822262	-0.864096	-0.000009	-0.503327	-0.501091	-0.094142	0.860259	-0.047392	0.995559	0.081343
101	6.950075	2.500031	-5.847381	-0.865196	0.000011	-0.501434	-0.500045	-0.074397	0.862798	-0.037295	0.997229	0.064373
102	6.906788	2.500031	-5.872407	-0.866295	0.000009	-0.499533	-0.498729	-0.056712	0.864901	-0.028322	0.998391	0.049134
103	6.863446	2.500031	-5.897337	-0.867394	-0.000005	-0.497622	-0.497199	-0.041172	0.866659	-0.020492	0.999152	0.035710
104	6.820050	2.500031	-5.922172	-0.868493	-0.000016	-0.495701	-0.495507	-0.027912	0.868155	-0.013850	0.999610	0.024233
105	6.776598	2.500031	-5.946910	-0.869592	-0.000010	-0.493771	-0.493699	-0.017064	0.869466	-0.008434	0.999854	0.014834
106	6.733092	2.500031	-5.971549	-0.870692	0.000016	-0.491829	-0.491809	-0.008990	0.870657	-0.004407	0.999960	0.007835
107	6.689530	2.500031	-5.996093	-0.871793	0.000027	-0.489874	-0.489870	-0.004282	0.871785	-0.002075	0.999991	0.003746
108	6.645913	2.500031	-6.020540	-0.872894	0.000021	-0.487910	-0.487909	-0.002014	0.872892	-0.000964	0.999998	0.001768
109	6.602242	2.500031	-6.044888	-0.873994	0.000007	-0.485937	-0.485936	-0.001116	0.873993	-0.000536	0.999999	0.000979
110	6.558516	2.500031	-6.069136	-0.875093	-0.000001	-0.483955	-0.483955	-0.000522	0.875093	-0.000254	1.000000	0.000456
111	6.514734	2.500031	-6.093285	-0.876189	0.000005	-0.481968	-0.481968	0.000317	0.876189	0.000157	1.000000	-0.000276
112	6.470899	2.500031	-6.117335	-0.877283	0.000008	-0.479974	-0.479974	0.000342	0.877283	0.000171	1.000000	-0.000296
113	6.427008	2.500031	-6.141286	-0.878375	0.000006	-0.477972	-0.477972	-0.000261	0.878375	-0.000119	1.000000	0.000233
114	6.383063	2.500031	-6.165137	-0.879467	0.000003	-0.475961	-0.475960	-0.001171	0.879466	-0.000555	0.999999	0.001031
115	6.339063	2.500031	-6.188886	-0.880557	-0.000000	-0.473941	-0.473940	-0.002066	0.880555	-0.000979	0.999998	0.001819
116	6.295009	2.500031	-6.212532	-0.881645	0.000001	-0.471913	-0.471912	-0.002763	0.881642	-0.001304	0.999996	0.002437
117	6.250900	2.500031	-6.236078	-0.882732	0.000000	-0.469878	-0.469875	-0.003529	0.882726	-0.001658	0.999994	0.003116
118	6.206737	2.500031	-6.259523	-0.883817	-0.000000	-0.467833	-0.467829	-0.004388	0.883808	-0.002053	0.999990	0.003878
119	6.162519	2.500031	-6.282865	-0.884901	-0.000001	-0.465780	-0.465773	-0.005338	0.884888	-0.002487	0.999986	0.004723
120	6.118248	2.500031	-6.306103	-0.885983	-0.000000	-0.463717	-0.463708	-0.006377	0.885965	-0.002957	0.999980	0.005649
121	6.073922	2.500031	-6.329237	-0.887066	0.000001	-0.461642	-0.461629	-0.007505	0.887041	-0.003464	0.999972	0.006658
122	6.029542	2.500031	-6.352268	-0.888149	0.000000	-0.459556	-0.459539	-0.008726	0.888115	-0.004009	0.999962	0.007750
123	5.985108	2.500031	-6.375195	-0.889229	-0.000000	-0.457461	-0.457438	-0.010036	0.889185	-0.004591	0.999950	0.008924
124	5.940620	2.500031	-6.398018	-0.890309	-0.000001	-0.455358	-0.455328	-0.011435	0.890250	-0.005208	0.999935	0.010180
125	5.896079	2.500031	-6.420734	-0.891386	-0.000000	-0.453246	-0.453208	-0.012922	0.891311	-0.005857	0.999917	0.011518
126	5.851484	2.500031	-6.443343	-0.892460	0.000001	-0.451126	-0.451079	-0.014496	0.892366	-0.006539	0.999895	0.012937
127	5.806834	2.500031	-6.465848	-0.893532	0.000000	-0.448999	-0.448940	-0.016158	0.893416	-0.007255	0.999869	0.014438
128	5.762132	2.500031	-6.488247	-0.894603	-0.000000	-0.446862	-0.446791	-0.017908	0.894459	-0.008003	0.999840	0.016021
129	5.717376	2.500031	-6.510539	-0.895671	-0.000001	-0.444718	-0.444631	-0.019746	0.895496	-0.008782	0.999805	0.017686
130	5.672566	2.500031	-6.532722	-0.896736	-0.000000	-0.442565	-0.442461	-0.021669	0.896526	-0.009590	0.999765	0.019431
131	5.627704	2.500031	-6.554797	-0.897798	0.000001	-0.440407	-0.440283	-0.023676	0.897547	-0.010427	0.999720	0.021257
132	5.582788	2.500031	-6.576765	-0.898857	0.000000	-0.438241	-0.438096	-0.025771	0.898559	-0.011293	0.999668	0.023164
133	5.537819	2.500031	-6.598624	-0.899914	-0.000000	-0.436067	-0.435897	-0.027951	0.899562	-0.012188	0.999609	0.025153
134	5.492797	2.500031	-6.620375	-0.900968	-0.000001	-0.433885	-0.433687	-0.030214	0.900557	-0.013110	0.999543	0.027222
135	5.447723	2.500031	-6.642015	-0.902020	-0.000000	-0.431695	-0.431466	-0.032558	0.901542	-0.014055	0.999470	0.029368
136	5.402597	2.500031	-6.663544	-0.903071	0.000001	-0.429492	-0.429229	-0.034987	0.902518	-0.015026	0.999388	0.031596
137	5.357417	2.500031	-6.684965	-0.904119	0.000000	-0.427281	-0.426980	-0.037500	0.903483	-0.016023	0.999297	0.033905
138	5.312185	2.500031	-6.706275	-0.905165	-0.000000	-0.425061	-0.424719	-0.040095	0.904437	-0.017043	0.999196	0.036292
139	5.266901	2.500031	-6.727473	-0.906208	-0.000001	-0.422832	-0.422445	-0.042771	0.905379	-0.018085	0.999085	0.038759
140	5.221565	2.500031	-6.748559	-0.907249	-0.000000	-0.420595	-0.420159	-0.045525	0.906308	-0.019148	0.998963	0.041302
141	5.176178	2.500031	-6.769533	-0.908288	0.000001	-0.418346	-0.417856	-0.048361	0.907225	-0.020231	0.998830	0.043926
142	5.130738	2.500031	-6.790395	-0.909325	0.000000	-0.416087	-0.415540	-0.051276	0.908129	-0.021335	0.998685	0.046627
143	5.085246	2.500031	-6.811145	-0.910359	-0.000000	-0.413820	-0.413210	-0.054272	0.909017	-0.022459	0.998526	0.049407
144	5.039703	2.500031	-6.831782	-0.911390	-0.000001	-0.411545	-0.410867	-0.057348	0.909890	-0.023602	0.998354	0.052266
145	4.994109	2.500031	-6.852303	-0.912416	-0.000000	-0.409263	-0.408513	-0.060504	0.910745	-0.024762	0.998168	0.055205
146	4.948464	2.500031	-6.872710	-0.913436	0.000001	-0.406982	-0.406155	-0.063733	0.911579	-0.025938	0.997967	0.058217
147	4.902767	2.500031	-6.893004	-0.914451	0.000000	-0.404696	-0.403785	-0.067043	0.912394	-0.027132	0.997750	0.061308
148	4.857019	2.500031	-6.913183	-0.915463	-0.000000	-0.402402	-0.401402	-0.070432	0.913190	-0.028342	0.997517	0.064478
149	4.811221	2.500031	-6.933248	-0.916472	-0.000001	-0.400100	-0.399006	-0.073897	0.913966	-0.029567	0.997266	0.067724
150	4.765373	2.500031	-6.953195	-0.917477	-0.000000	-0.397790	-0.396595	-0.077433	0.914722	-0.030802	0.996998	0.071043
151	4.719475	2.500031	-6.973027	-0.918480	0.000001	-0.395467	-0.394166	-0.081046	0.915459	-0.032051	0.996710	0.074440
152	4.673526	2.500031	-6.992743	-0.919480	0.000000	-0.393136	-0.391722	-0.084735	0.916174	-0.033312	0.996403	0.077913
153	4.627527	2.500031	-7.012342	-0.920477	-0.000000	-0.390796	-0.389263	-0.088498	0.916866	-0.034585	0.996076	0.081460
154	4.581478	2.500031	-7.031824	-0.921470	-0.000001	-0.388449	-0.386789	-0.092332	0.917534	-0.035867	0.995728	0.085081
155	4.535381	2.500031	-7.051188	-0.922459	-0.000000	-0.386095	-0.384303	-0.096237	0.918177	-0.037157	0.995358	0.088774
156	4.489234	2.500031	-7.070434	-0.923444	0.000001	-0.383732	-0.381801	-0.100216	0.918795	-0.038456	0.994966	0.092544
157	4.443037	2.500031	-7.089562	-0.924426	0.000000	-0.381362	-0.379283	-0.104267	0.919387	-0.039763	0.994549	0.096387
158	4.396792	2.500031	-7.108572	-0.925403	-0.000000	-0.378985	-0.376752	-0.108389	0.919951	-0.041078	0.994109	0.100303
159	4.350497	2.500031	-7.127463	-0.926376	-0.000001	-0.376600	-0.374206	-0.112581	0.920487	-0.042398	0.993643	0.104292
160	4.304155	2.500031	-7.146234	-0.927344	-0.000000	-0.374209	-0.371646	-0.116841	0.920993	-0.043723	0.993151	0.108352
161	4.257765	2.500031	-7.164885	-0.928309	0.000001	-0.371811	-0.369071	-0.121169	0.921469	-0.045052	0.992632	0.112483
162	4.211325	2.500031	-7.183417	-0.929268	0.000000	-0.369405	-0.366482	-0.125567	0.921913	-0.046385	0.992085	0.116685
163	4.164838	2.500031	-7.201829	-0.930224	-0.000000	-0.366993	-0.363877	-0.130033	0.922326	-0.047721	0.991510	0.120960
164	4.118303	2.500031	-7.220119	-0.931174	-0.000001	-0.364574	-0.361258	-0.134567	0.922705	-0.049060	0.990905	0.125305
165	4.071722	2.500031	-7.238288	-0.932120	-0.000000	-0.362149	-0.358625	-0.139168	0.923050	-0.050399	0.990269	0.129721
166	4.025093	2.500031	-7.256335	-0.933059	0.000001	-0.359722	-0.355982	-0.143829	0.923358	-0.051738	0.989603	0.134201
167	3.978417	2.500031	-7.274262	-0.933994	0.000000	-0.357289	-0.353324	-0.148560	0.923630	-0.053078	0.988903	0.138754
168	3.931694	2.500031	-7.292067	-0.934923	-0.000000	-0.354850	-0.350652	-0.153356	0.923864	-0.054418	0.988171	0.143376
169	3.884925	2.500031	-7.309749	-0.935848	-0.000001	-0.352404	-0.347965	-0.158214	0.924061	-0.055756	0.987405	0.148064
170	3.838110	2.500031	-7.327308	-0.936768	0.000000	-0.349952	-0.345264	-0.163131	0.924219	-0.057088	0.986604	0.152816
171	3.791249	2.500031	-7.344744	-0.937683	0.000001	-0.347491	-0.342545	-0.168113	0.924338	-0.058417	0.985768	0.157637
172	3.744342	2.500031	-7.362058	-0.938594	0.000000	-0.345023	-0.339811	-0.173156	0.924416	-0.059743	0.984894	0.162524
173	3.697390	2.500031	-7.379248	-0.939500	-0.000000	-0.342548	-0.337062	-0.178260	0.924453	-0.061063	0.983983	0.167475
174	3.650392	2.500031	-7.396314	-0.940401	-0.000001	-0.340069	-0.334299	-0.183421	0.924446	-0.062376	0.983034	0.172489
175	3.603350	2.500031	-7.413256	-0.941295	0.000000	-0.337584	-0.331524	-0.188639	0.924396	-0.063681	0.982047	0.177565
176	3.556264	2.500031	-7.430072	-0.942185	0.000001	-0.335093	-0.328732	-0.193918	0.924300	-0.064980	0.981018	0.182707
177	3.509132	2.500031	-7.446765	-0.943069	0.000000	-0.332596	-0.325927	-0.199254	0.924159	-0.066271	0.979948	0.187911
178	3.461957	2.500031	-7.463334	-0.943948	-0.000000	-0.330094	-0.323108	-0.204647	0.923970	-0.067553	0.978836	0.193176
179	3.414737	2.500031	-7.479776	-0.944821	-0.000001	-0.327586	-0.320275	-0.210094	0.923734	-0.068824	0.977681	0.198501
180	3.367475	2.500031	-7.496093	-0.945689	0.000000	-0.325074	-0.317429	-0.215594	0.923449	-0.070084	0.976483	0.203885
181	3.320170	2.500031	-7.512284	-0.946551	0.000001	-0.322556	-0.314569	-0.221148	0.923114	-0.071332	0.975240	0.209328
182	3.272821	2.500031	-7.528350	-0.947407	0.000000	-0.320031	-0.311695	-0.226755	0.922729	-0.072569	0.973952	0.214830
183	3.225429	2.500031	-7.544289	-0.948257	-0.000000	-0.317502	-0.308808	-0.232416	0.922291	-0.073793	0.972617	0.220390
184	3.177995	2.500031	-7.560102	-0.949102	-0.000001	-0.314969	-0.305908	-0.238128	0.921800	-0.075004	0.971234	0.226008
185	3.130520	2.500031	-7.575788	-0.949940	0.000000	-0.312432	-0.302998	-0.243892	0.921254	-0.076200	0.969802	0.231683
186	3.083003	2.500031	-7.591346	-0.950770	0.000001	-0.309896	-0.300080	-0.249700	0.920653	-0.077380	0.968323	0.237407
187	3.035444	2.500031	-7.606778	-0.951595	0.000000	-0.307356	-0.297149	-0.255560	0.919995	-0.078548	0.966793	0.243190
188	2.987843	2.500031	-7.622084	-0.952413	-0.000000	-0.304811	-0.294207	-0.261470	0.919280	-0.079699	0.965212	0.249027
189	2.940202	2.500031	-7.637261	-0.953225	-0.000000	-0.302262	-0.291253	-0.267425	0.918507	-0.080833	0.963579	0.254916
190	2.892521	2.500031	-7.652310	-0.954030	0.000000	-0.299710	-0.288289	-0.273422	0.917676	-0.081947	0.961894	0.260853
191	2.844800	2.500031	-7.667231	-0.954831	0.000001	-0.297150	-0.285311	-0.279465	0.916786	-0.083043	0.960156	0.266842
192	2.797038	2.500031	-7.682025	-0.955625	0.000000	-0.294586	-0.282321	-0.285553	0.915835	-0.084120	0.958363	0.272882
193	2.749237	2.500031	-7.696691	-0.956413	-0.000000	-0.292019	-0.279320	-0.291683	0.914823	-0.085177	0.956515	0.278970
194	2.701396	2.500031	-7.711227	-0.957194	-0.000000	-0.289448	-0.276311	-0.297853	0.913748	-0.086214	0.954612	0.285103
195	2.653518	2.500031	-7.725635	-0.957968	0.000000	-0.286876	-0.273293	-0.304062	0.912610	-0.087228	0.952652	0.291281
196	2.605601	2.500031	-7.739915	-0.958736	0.000000	-0.284300	-0.270265	-0.310313	0.911407	-0.088221	0.950635	0.297508
197	2.557645	2.500031	-7.754065	-0.959497	0.000000	-0.281720	-0.267228	-0.316603	0.910138	-0.089193	0.948558	0.303779
198	2.509650	2.500031	-7.768087	-0.960251	-0.000000	-0.279138	-0.264182	-0.322930	0.908804	-0.090142	0.946423	0.310093
199	2.461619	2.500031	-7.781979	-0.960999	-0.000000	-0.276553	-0.261130	-0.329291	0.907402	-0.091067	0.944228	0.316448
200	2.413551	2.500031	-7.795742	-0.961739	0.000000	-0.273967	-0.258070	-0.335686	0.905933	-0.091967	0.941974	0.322843
201	2.365446	2.500031	-7.809375	-0.962473	0.000000	-0.271376	-0.255001	-0.342117	0.904395	-0.092842	0.939657	0.329279
202	2.317304	2.500031	-7.822879	-0.963201	0.000000	-0.268783	-0.251925	-0.348581	0.902787	-0.093693	0.937278	0.335754
203	2.269125	2.500031	-7.836254	-0.963921	-0.000000	-0.266188	-0.248842	-0.355078	0.901109	-0.094518	0.934837	0.342267
204	2.220911	2.500031	-7.849499	-0.964635	-0.000000	-0.263591	-0.245754	-0.361605	0.899359	-0.095316	0.932331	0.348816
205	2.172663	2.500031	-7.862613	-0.965341	0.000000	-0.260994	-0.242662	-0.368160	0.897537	-0.096087	0.929762	0.355400
206	2.124379	2.500031	-7.875598	-0.966039	0.000000	-0.258396	-0.239566	-0.374743	0.895643	-0.096832	0.927129	0.362016
207	2.076059	2.500031	-7.888453	-0.966731	0.000000	-0.255796	-0.236465	-0.381355	0.893674	-0.097549	0.924429	0.368667
208	2.027705	2.500031	-7.901178	-0.967415	-0.000000	-0.253195	-0.233360	-0.387994	0.891630	-0.098238	0.921662	0.375351
209	1.979317	2.500031	-7.913773	-0.968092	-0.000000	-0.250593	-0.230252	-0.394658	0.889511	-0.098899	0.918828	0.382065
210	1.930896	2.500031	-7.926237	-0.968762	0.000000	-0.247992	-0.227143	-0.401344	0.887316	-0.099530	0.915927	0.388807
211	1.882442	2.500031	-7.938571	-0.969424	0.000000	-0.245390	-0.224032	-0.408051	0.885045	-0.100132	0.912959	0.395575
212	1.833954	2.500031	-7.950776	-0.970079	0.000000	-0.242788	-0.220918	-0.414783	0.882695	-0.100704	0.909920	0.402372
213	1.785433	2.500031	-7.962850	-0.970727	-0.000000	-0.240185	-0.217802	-0.421535	0.880267	-0.101246	0.906812	0.409195
214	1.736880	2.500031	-7.974794	-0.971368	-0.000000	-0.237581	-0.214687	-0.428304	0.877761	-0.101757	0.903635	0.416041
215	1.688297	2.500031	-7.986607	-0.972001	0.000000	-0.234979	-0.211572	-0.435089	0.875177	-0.102236	0.900388	0.422906
216	1.639681	2.500031	-7.998291	-0.972626	0.000000	-0.232375	-0.208456	-0.441892	0.872512	-0.102684	0.897068	0.429795
217	1.591034	2.500031	-8.009843	-0.973245	0.000000	-0.229770	-0.205340	-0.448710	0.869767	-0.103100	0.893677	0.436705
218	1.542356	2.500031	-8.021266	-0.973856	-0.000000	-0.227166	-0.202226	-0.455542	0.866941	-0.103484	0.890214	0.443633
219	1.493647	2.500031	-8.032559	-0.974460	-0.000000	-0.224563	-0.199115	-0.462385	0.864033	-0.103835	0.886679	0.450576
220	1.444910	2.500031	-8.043722	-0.975055	0.000000	-0.221962	-0.196008	-0.469238	0.861044	-0.104153	0.883072	0.457533
221	1.396143	2.500031	-8.054754	-0.975644	0.000000	-0.219361	-0.192904	-0.476103	0.857971	-0.104438	0.879390	0.464507
222	1.347346	2.500031	-8.065656	-0.976225	0.000000	-0.216761	-0.189803	-0.482977	0.854815	-0.104690	0.875633	0.471494
223	1.298519	2.500031	-8.076428	-0.976798	-0.000000	-0.214162	-0.186707	-0.489858	0.851575	-0.104909	0.871802	0.478493
224	1.249665	2.500031	-8.087071	-0.977364	-0.000000	-0.211565	-0.183617	-0.496744	0.848251	-0.105094	0.867897	0.485499
225	1.200784	2.500031	-8.097584	-0.977922	0.000000	-0.208971	-0.180534	-0.503633	0.844844	-0.105245	0.863918	0.492513
226	1.151874	2.500031	-8.107967	-0.978472	0.000000	-0.206378	-0.177457	-0.510527	0.841351	-0.105361	0.859862	0.499536
227	1.102936	2.500031	-8.118220	-0.979015	0.000000	-0.203787	-0.174387	-0.517424	0.837772	-0.105444	0.855729	0.506566
228	1.053971	2.500031	-8.128343	-0.979551	-0.000000	-0.201198	-0.171324	-0.524321	0.834108	-0.105492	0.851521	0.513599
229	1.004980	2.500031	-8.138338	-0.980078	-0.000000	-0.198612	-0.168271	-0.531216	0.830358	-0.105506	0.847236	0.520633
230	0.955964	2.500031	-8.148203	-0.980598	0.000000	-0.196028	-0.165228	-0.538107	0.826523	-0.105484	0.842876	0.527667
231	0.906921	2.500031	-8.157939	-0.981111	0.000000	-0.193446	-0.162193	-0.544996	0.822601	-0.105427	0.838439	0.534702
232	0.857852	2.500031	-8.167546	-0.981616	0.000000	-0.190866	-0.159168	-0.551880	0.818592	-0.105335	0.833923	0.541735
233	0.808758	2.500031	-8.177024	-0.982114	-0.000000	-0.188289	-0.156154	-0.558759	0.814496	-0.105208	0.829330	0.548765
234	0.759640	2.500031	-8.186373	-0.982603	-0.000000	-0.185716	-0.153152	-0.565631	0.810312	-0.105047	0.824658	0.555791
235	0.710499	2.500031	-8.195595	-0.983085	0.000000	-0.183149	-0.150166	-0.572492	0.806042	-0.104852	0.819910	0.562808
236	0.661332	2.500031	-8.204687	-0.983559	0.000000	-0.180588	-0.147195	-0.579342	0.801684	-0.104622	0.815085	0.569817
237	0.612142	2.500031	-8.213651	-0.984025	0.000000	-0.178030	-0.144236	-0.586183	0.797236	-0.104358	0.810179	0.576819
238	0.562928	2.500031	-8.222488	-0.984484	-0.000000	-0.175476	-0.141292	-0.593012	0.792700	-0.104059	0.805194	0.583810
239	0.513693	2.500031	-8.231197	-0.984935	-0.000000	-0.172927	-0.138364	-0.599824	0.788078	-0.103726	0.800132	0.590788
240	0.464436	2.500031	-8.239779	-0.985378	0.000000	-0.170382	-0.135453	-0.606619	0.783369	-0.103357	0.794993	0.597749
241	0.415156	2.500031	-8.248233	-0.985814	0.000000	-0.167841	-0.132557	-0.613397	0.778571	-0.102953	0.789774	0.604696
242	0.365854	2.500031	-8.256560	-0.986243	0.000000	-0.165304	-0.129677	-0.620158	0.773685	-0.102514	0.784477	0.611626
243	0.316530	2.500031	-8.264760	-0.986664	0.000000	-0.162771	-0.126815	-0.626898	0.768711	-0.102041	0.779101	0.618538
244	0.267186	2.500031	-8.272834	-0.987077	-0.000000	-0.160245	-0.123973	-0.633616	0.763650	-0.101534	0.773648	0.625428
245	0.217823	2.500031	-8.280783	-0.987483	0.000000	-0.157725	-0.121151	-0.640309	0.758503	-0.100992	0.768117	0.632294
246	0.168439	2.500031	-8.288605	-0.987882	0.000000	-0.155209	-0.118348	-0.646980	0.753267	-0.100417	0.762507	0.639139
247	0.119034	2.500031	-8.296300	-0.988273	0.000000	-0.152699	-0.115566	-0.653626	0.747943	-0.099808	0.756818	0.645960
248	0.069610	2.500031	-8.303871	-0.988656	0.000000	-0.150195	-0.112804	-0.660244	0.742532	-0.099165	0.751051	0.652754
249	0.020168	2.500031	-8.311317	-0.989032	-0.000000	-0.147698	-0.110066	-0.666832	0.737035	-0.098490	0.745208	0.659519
250	-0.029292	2.500031	-8.318639	-0.989401	0.000000	-0.145209	-0.107351	-0.673390	0.731452	-0.097782	0.739287	0.666253
251	-0.078772	2.500031	-8.325835	-0.989762	0.000000	-0.142724	-0.104658	-0.679918	0.725781	-0.097041	0.733288	0.672957
252	-0.128270	2.500031	-8.332907	-0.990117	0.000000	-0.140247	-0.101989	-0.686414	0.720023	-0.096267	0.727211	0.679630
253	-0.177785	2.500031	-8.339856	-0.990463	0.000000	-0.137776	-0.099344	-0.692876	0.714180	-0.095461	0.721057	0.686268
254	-0.227317	2.500031	-8.346681	-0.990803	0.000000	-0.135313	-0.096725	-0.699301	0.708253	-0.094624	0.714827	0.692870
255	-0.276864	2.500031	-8.353385	-0.991135	-0.000000	-0.132858	-0.094133	-0.705689	0.702241	-0.093757	0.708522	0.699433
256	-0.326430	2.500031	-8.359965	-0.991460	0.000000	-0.130410	-0.091566	-0.712040	0.696143	-0.092857	0.702139	0.705959
257	-0.376011	2.500031	-8.366422	-0.991778	0.000000	-0.127969	-0.089026	-0.718352	0.689960	-0.091927	0.695680	0.712446
258	-0.425609	2.500031	-8.372757	-0.992089	0.000000	-0.125536	-0.086513	-0.724623	0.683694	-0.090966	0.689146	0.718890
259	-0.475221	2.500031	-8.378971	-0.992393	0.000000	-0.123112	-0.084029	-0.730851	0.677345	-0.089977	0.682537	0.725291
260	-0.524847	2.500031	-8.385066	-0.992689	-0.000000	-0.120697	-0.081574	-0.737034	0.670915	-0.088958	0.675856	0.731646
261	-0.574489	2.500031	-8.391038	-0.992979	-0.000000	-0.118290	-0.079147	-0.743174	0.664401	-0.087910	0.669098	0.737956
262	-0.624146	2.500031	-8.396890	-0.993262	0.000000	-0.115891	-0.076751	-0.749268	0.657804	-0.086833	0.662267	0.744220
263	-0.673817	2.500031	-8.402622	-0.993538	0.000000	-0.113500	-0.074384	-0.755315	0.651127	-0.085728	0.655362	0.750434
264	-0.723501	2.500031	-8.408236	-0.993807	0.000000	-0.111119	-0.072048	-0.761312	0.644370	-0.084596	0.648386	0.756597
265	-0.773197	2.500031	-8.413732	-0.994069	-0.000000	-0.108748	-0.069744	-0.767258	0.637535	-0.083438	0.641339	0.762707
266	-0.822907	2.500031	-8.419108	-0.994325	-0.000000	-0.106385	-0.067472	-0.773153	0.630620	-0.082252	0.634219	0.768765
267	-0.872630	2.500031	-8.424365	-0.994574	0.000000	-0.104031	-0.065230	-0.778997	0.623626	-0.081040	0.627028	0.774770
268	-0.922366	2.500031	-8.429506	-0.994816	0.000000	-0.101687	-0.063022	-0.784786	0.616554	-0.079802	0.619766	0.780718
269	-0.972113	2.500031	-8.434530	-0.995052	0.000000	-0.099353	-0.060847	-0.790521	0.609404	-0.078541	0.612434	0.786610
270	-1.021870	2.500031	-8.439439	-0.995281	-0.000000	-0.097032	-0.058708	-0.796198	0.602181	-0.077256	0.605036	0.792441
271	-1.071640	2.500031	-8.444230	-0.995504	-0.000000	-0.094721	-0.056602	-0.801818	0.594882	-0.075949	0.597569	0.798213
272	-1.121422	2.500031	-8.448906	-0.995720	0.000000	-0.092419	-0.054530	-0.807381	0.587506	-0.074618	0.590031	0.803925
273	-1.171214	2.500031	-8.453466	-0.995930	0.000000	-0.090129	-0.052494	-0.812884	0.580056	-0.073264	0.582426	0.809575
274	-1.221015	2.500031	-8.457914	-0.996134	0.000000	-0.087850	-0.050492	-0.818324	0.572535	-0.071890	0.574757	0.815160
275	-1.270826	2.500031	-8.462249	-0.996331	-0.000000	-0.085582	-0.048527	-0.823701	0.564944	-0.070494	0.567024	0.820679
276	-1.320648	2.500031	-8.466469	-0.996522	-0.000000	-0.083324	-0.046597	-0.829016	0.557280	-0.069077	0.559225	0.826133
277	-1.370479	2.500031	-8.470575	-0.996708	0.000000	-0.081077	-0.044703	-0.834267	0.549546	-0.067640	0.551361	0.831520
278	-1.420320	2.500031	-8.474570	-0.996887	0.000000	-0.078841	-0.042845	-0.839452	0.541743	-0.066183	0.543434	0.836839
279	-1.470169	2.500031	-8.478454	-0.997061	0.000000	-0.076618	-0.041025	-0.844568	0.533874	-0.064709	0.535448	0.842086
280	-1.520025	2.500031	-8.482229	-0.997228	-0.000000	-0.074407	-0.039242	-0.849617	0.525938	-0.063218	0.527400	0.847262
281	-1.569891	2.500031	-8.485891	-0.997390	-0.000000	-0.072208	-0.037497	-0.854598	0.517935	-0.061709	0.519291	0.852367
282	-1.619765	2.500031	-8.489443	-0.997546	0.000000	-0.070020	-0.035789	-0.859509	0.509866	-0.060183	0.511121	0.857399
283	-1.669647	2.500031	-8.492886	-0.997696	0.000000	-0.067845	-0.034119	-0.864349	0.501734	-0.058642	0.502893	0.862357
284	-1.719535	2.500031	-8.496222	-0.997841	0.000000	-0.065684	-0.032488	-0.869116	0.493541	-0.057086	0.494609	0.867239
285	-1.769430	2.500031	-8.499452	-0.997980	-0.000000	-0.063535	-0.030895	-0.873809	0.485287	-0.055518	0.486270	0.872043
286	-1.819333	2.500031	-8.502572	-0.998113	-0.000000	-0.061398	-0.029340	-0.878429	0.476971	-0.053934	0.477873	0.876772
287	-1.869242	2.500031	-8.505585	-0.998242	0.000000	-0.059274	-0.027825	-0.882975	0.468595	-0.052338	0.469421	0.881422
288	-1.919158	2.500031	-8.508492	-0.998365	0.000000	-0.057164	-0.026348	-0.887444	0.460162	-0.050730	0.460915	0.885993
289	-1.969079	2.500031	-8.511295	-0.998483	0.000000	-0.055068	-0.024910	-0.891836	0.451673	-0.049111	0.452359	0.890483
290	-2.019006	2.500031	-8.513996	-0.998595	-0.000000	-0.052985	-0.023512	-0.896149	0.443129	-0.047483	0.443753	0.894890
291	-2.068938	2.500031	-8.516590	-0.998703	-0.000000	-0.050916	-0.022153	-0.900385	0.434529	-0.045844	0.435094	0.899217
292	-2.118877	2.500031	-8.519080	-0.998806	0.000000	-0.048859	-0.020833	-0.904542	0.425876	-0.044195	0.426385	0.903461
293	-2.168820	2.500031	-8.521468	-0.998903	0.000000	-0.046818	-0.019553	-0.908618	0.417170	-0.042539	0.417628	0.907622
294	-2.218767	2.500031	-8.523756	-0.998996	0.000000	-0.044791	-0.018312	-0.912612	0.408416	-0.040876	0.408827	0.911696
295	-2.268719	2.500031	-8.525944	-0.999085	-0.000000	-0.042778	-0.017110	-0.916524	0.399614	-0.039207	0.399980	0.915685
296	-2.318675	2.500031	-8.528029	-0.999168	-0.000000	-0.040780	-0.015948	-0.920354	0.390762	-0.037532	0.391087	0.919588
297	-2.368636	2.500031	-8.530014	-0.999247	0.000000	-0.038795	-0.014826	-0.924101	0.381862	-0.035851	0.382149	0.923405
298	-2.418601	2.500031	-8.531900	-0.999322	0.000000	-0.036826	-0.013743	-0.927763	0.372917	-0.034166	0.373170	0.927134
299	-2.468569	2.500031	-8.533691	-0.999392	0.000000	-0.034872	-0.012699	-0.931340	0.363930	-0.032478	0.364152	0.930773
300	-2.518539	2.500031	-8.535385	-0.999458	-0.000000	-0.032934	-0.011694	-0.934831	0.354902	-0.030788	0.355094	0.934323
301	-2.568514	2.500031	-8.536979	-0.999519	-0.000000	-0.031010	-0.010729	-0.938236	0.345830	-0.029095	0.345996	0.937785
302	-2.618492	2.500031	-8.538477	-0.999576	0.000000	-0.029101	-0.009803	-0.941555	0.336717	-0.027400	0.336860	0.941156
303	-2.668473	2.500031	-8.539881	-0.999630	0.000000	-0.027208	-0.008916	-0.944786	0.327567	-0.025706	0.327688	0.944436
304	-2.718455	2.500031	-8.541192	-0.999679	0.000000	-0.025331	-0.008068	-0.947928	0.318381	-0.024012	0.318483	0.947624
305	-2.768440	2.500031	-8.542411	-0.999725	-0.000000	-0.023471	-0.007258	-0.950982	0.309161	-0.022320	0.309246	0.950720
306	-2.818427	2.500031	-8.543534	-0.999766	-0.000000	-0.021625	-0.006487	-0.953947	0.299904	-0.020629	0.299974	0.953724
307	-2.868417	2.500031	-8.544565	-0.999804	0.000000	-0.019795	-0.005754	-0.956823	0.290614	-0.018941	0.290670	0.956636
308	-2.918408	2.500031	-8.545505	-0.999838	0.000000	-0.017982	-0.005060	-0.959609	0.281292	-0.017256	0.281338	0.959454
309	-2.968401	2.500031	-8.546357	-0.999869	0.000000	-0.016186	-0.004402	-0.962303	0.271943	-0.015576	0.271979	0.962177
310	-3.018395	2.500031	-8.547120	-0.999896	-0.000000	-0.014406	-0.003783	-0.964906	0.262567	-0.013901	0.262594	0.964806
311	-3.068390	2.500031	-8.547792	-0.999920	-0.000000	-0.012643	-0.003201	-0.967419	0.253161	-0.012231	0.253181	0.967342
312	-3.118387	2.500031	-8.548375	-0.999941	0.000000	-0.010895	-0.002656	-0.969840	0.243729	-0.010567	0.243744	0.969782
313	-3.168385	2.500031	-8.548872	-0.999958	0.000001	-0.009165	-0.002148	-0.972168	0.234273	-0.008910	0.234283	0.972128
314	-3.218383	2.500031	-8.549285	-0.999972	0.000000	-0.007453	-0.001676	-0.974404	0.224797	-0.007262	0.224803	0.974377
315	-3.268381	2.500031	-8.549614	-0.999983	-0.000000	-0.005758	-0.001239	-0.976547	0.215300	-0.005623	0.215304	0.976531
316	-3.318381	2.500031	-8.549856	-0.999992	-0.000000	-0.004080	-0.000839	-0.978597	0.205782	-0.003993	0.205784	0.978589
317	-3.368381	2.500031	-8.550013	-0.999997	0.000000	-0.002419	-0.000475	-0.980555	0.196245	-0.002372	0.196245	0.980552
318	-3.418381	2.500031	-8.550088	-1.000000	0.000001	-0.000776	-0.000145	-0.982419	0.186691	-0.000762	0.186691	0.982418
319	-3.468381	2.500031	-8.550084	-1.000000	0.000000	0.000849	0.000150	-0.984189	0.177123	0.000836	0.177124	0.984188
320	-3.518381	2.500031	-8.550000	-0.999997	-0.000001	0.002456	0.000412	-0.985865	0.167544	0.002421	0.167544	0.985862
321	-3.568380	2.500031	-8.549833	-0.999992	-0.000000	0.004045	0.000639	-0.987447	0.157950	0.003994	0.157951	0.987439
322	-3.618380	2.500031	-8.549585	-0.999984	0.000000	0.005617	0.000833	-0.988936	0.148344	0.005555	0.148346	0.988920
323	-3.668379	2.500031	-8.549261	-0.999974	0.000001	0.007170	0.000994	-0.990330	0.138729	0.007101	0.138733	0.990304
324	-3.718377	2.500031	-8.548862	-0.999962	0.000000	0.008705	0.001124	-0.991630	0.129109	0.008632	0.129114	0.991592
325	-3.768375	2.500031	-8.548387	-0.999948	-0.000001	0.010220	0.001222	-0.992836	0.119483	0.010147	0.119489	0.992784
326	-3.818372	2.500031	-8.547834	-0.999931	-0.000000	0.011718	0.001288	-0.993947	0.109849	0.011648	0.109857	0.993879
327	-3.868368	2.500031	-8.547205	-0.999913	0.000000	0.013198	0.001322	-0.994965	0.100212	0.013132	0.100221	0.994879
328	-3.918363	2.500031	-8.546504	-0.999893	0.000001	0.014659	0.001327	-0.995889	0.090574	0.014598	0.090584	0.995782
329	-3.968357	2.500031	-8.545732	-0.999870	0.000000	0.016100	0.001303	-0.996718	0.080937	0.016047	0.080948	0.996589
330	-4.018350	2.500031	-8.544890	-0.999846	-0.000001	0.017521	0.001250	-0.997454	0.071302	0.017477	0.071313	0.997301
331	-4.068341	2.500031	-8.543974	-0.999821	-0.000000	0.018925	0.001167	-0.998096	0.061666	0.018889	0.061677	0.997917
332	-4.118332	2.500031	-8.542987	-0.999794	0.000000	0.020309	0.001057	-0.998645	0.052034	0.020282	0.052045	0.998439
333	-4.168321	2.500031	-8.541932	-0.999765	0.000001	0.021674	0.000919	-0.999100	0.042408	0.021654	0.042418	0.998865
334	-4.218308	2.500031	-8.540813	-0.999735	0.000000	0.023018	0.000755	-0.999462	0.032791	0.023006	0.032800	0.999197
335	-4.268294	2.500031	-8.539627	-0.999704	-0.000001	0.024343	0.000565	-0.999731	0.023182	0.024337	0.023189	0.999435
336	-4.318278	2.500031	-8.538372	-0.999671	-0.000000	0.025649	0.000349	-0.999908	0.013581	0.025647	0.013585	0.999579
337	-4.368261	2.500031	-8.537051	-0.999637	0.000000	0.026935	0.000107	-0.999992	0.003989	0.026935	0.003991	0.999629
338	-4.418242	2.500031	-8.535667	-0.999602	0.000001	0.028201	-0.000158	-0.999984	-0.005589	0.028201	-0.005591	0.999587
339	-4.468221	2.500031	-8.534224	-0.999566	-0.000000	0.029446	-0.000446	-0.999885	-0.015151	0.029443	-0.015157	0.999452
340	-4.518198	2.500031	-8.532719	-0.999530	-0.000001	0.030672	-0.000757	-0.999695	-0.024698	0.030662	-0.024710	0.999224
341	-4.568173	2.500031	-8.531150	-0.999492	-0.000000	0.031877	-0.001091	-0.999413	-0.034231	0.031858	-0.034248	0.998905
342	-4.618147	2.500031	-8.529520	-0.999453	0.000000	0.033062	-0.001448	-0.999042	-0.043746	0.033031	-0.043770	0.998495
343	-4.668119	2.500031	-8.527832	-0.999414	0.000001	0.034227	-0.001824	-0.998580	-0.053242	0.034178	-0.053273	0.997995
344	-4.718088	2.500031	-8.526090	-0.999374	-0.000000	0.035370	-0.002220	-0.998029	-0.062715	0.035300	-0.062754	0.997405
345	-4.768056	2.500031	-8.524291	-0.999334	-0.000001	0.036493	-0.002635	-0.997389	-0.072166	0.036398	-0.072214	0.996725
346	-4.818021	2.500031	-8.522433	-0.999293	-0.000000	0.037595	-0.003070	-0.996661	-0.081596	0.037470	-0.081654	0.995956
347	-4.867985	2.500031	-8.520520	-0.999252	0.000000	0.038677	-0.003523	-0.995844	-0.091003	0.038516	-0.091071	0.995099
348	-4.917946	2.500031	-8.518555	-0.999210	0.000001	0.039737	-0.003993	-0.994941	-0.100383	0.039536	-0.100462	0.994155
349	-4.967905	2.500031	-8.516540	-0.999168	-0.000000	0.040776	-0.004478	-0.993951	-0.109734	0.040530	-0.109825	0.993124
350	-5.017863	2.500031	-8.514473	-0.999126	-0.000001	0.041794	-0.004980	-0.992875	-0.119057	0.041496	-0.119161	0.992007
351	-5.067818	2.500031	-8.512352	-0.999084	-0.000000	0.042791	-0.005497	-0.991713	-0.128353	0.042436	-0.128471	0.990805
352	-5.117771	2.500031	-8.510182	-0.999042	0.000000	0.043766	-0.006029	-0.990467	-0.137619	0.043349	-0.137751	0.989518
353	-5.167721	2.500031	-8.507964	-0.999000	0.000001	0.044720	-0.006574	-0.989137	-0.146852	0.044234	-0.146999	0.988147
354	-5.217670	2.500031	-8.505703	-0.998957	-0.000000	0.045651	-0.007131	-0.987723	-0.156050	0.045091	-0.156212	0.986694
355	-5.267617	2.500031	-8.503395	-0.998915	-0.000001	0.046561	-0.007700	-0.986228	-0.165214	0.045920	-0.165393	0.985158
356	-5.317561	2.500031	-8.501039	-0.998874	-0.000000	0.047450	-0.008282	-0.984650	-0.174345	0.046721	-0.174541	0.983541
357	-5.367504	2.500031	-8.498638	-0.998832	0.000000	0.048317	-0.008874	-0.982991	-0.183440	0.047495	-0.183654	0.981843
358	-5.417444	2.500031	-8.496195	-0.998791	0.000001	0.049161	-0.009475	-0.981252	-0.192496	0.048239	-0.192729	0.980065
359	-5.467382	2.500031	-8.493715	-0.998750	-0.000000	0.049983	-0.010085	-0.979434	-0.201512	0.048955	-0.201764	0.978210
360	-5.517319	2.500031	-8.491193	-0.998710	-0.000001	0.050783	-0.010702	-0.977538	-0.210489	0.049642	-0.210761	0.976276
361	-5.567253	2.500031	-8.488628	-0.998670	-0.000000	0.051560	-0.011329	-0.975563	-0.219427	0.050300	-0.219719	0.974266
362	-5.617185	2.500031	-8.486024	-0.998631	0.000000	0.052316	-0.011962	-0.973512	-0.228323	0.050930	-0.228636	0.972179
363	-5.667115	2.500031	-8.483385	-0.998592	0.000001	0.053049	-0.012600	-0.971385	-0.237176	0.051530	-0.237510	0.970017
364	-5.717044	2.500031	-8.480713	-0.998554	-0.000000	0.053758	-0.013243	-0.969184	-0.245982	0.052102	-0.246338	0.967782
365	-5.766970	2.500031	-8.478004	-0.998517	-0.000001	0.054445	-0.013890	-0.966909	-0.254745	0.052644	-0.255123	0.965474
366	-5.816895	2.500031	-8.475259	-0.998480	-0.000000	0.055110	-0.014541	-0.964560	-0.263463	0.053157	-0.263864	0.963094
367	-5.866818	2.500031	-8.472480	-0.998445	0.000000	0.055752	-0.015196	-0.962139	-0.272136	0.053641	-0.272559	0.960643
368	-5.916739	2.500031	-8.469672	-0.998410	0.000001	0.056370	-0.015852	-0.959647	-0.280759	0.054095	-0.281206	0.958122
369	-5.966658	2.500031	-8.466837	-0.998376	-0.000000	0.056965	-0.016508	-0.957086	-0.289332	0.054521	-0.289802	0.955532
370	-6.016576	2.500031	-8.463970	-0.998343	-0.000001	0.057537	-0.017166	-0.954456	-0.297856	0.054917	-0.298350	0.952875
371	-6.066492	2.500031	-8.461073	-0.998312	-0.000000	0.058086	-0.017823	-0.951758	-0.306332	0.055284	-0.306850	0.950151
372	-6.116407	2.500031	-8.458149	-0.998281	0.000000	0.058611	-0.018480	-0.948993	-0.314756	0.055622	-0.315298	0.947361
373	-6.166320	2.500031	-8.455200	-0.998251	0.000001	0.059113	-0.019135	-0.946162	-0.323128	0.055930	-0.323694	0.944507
374	-6.216231	2.500031	-8.452231	-0.998223	-0.000000	0.059591	-0.019786	-0.943267	-0.331444	0.056210	-0.332035	0.941591
375	-6.266141	2.500031	-8.449236	-0.998196	-0.000001	0.060045	-0.020434	-0.940309	-0.339709	0.056461	-0.340323	0.938612
376	-6.316050	2.500031	-8.446216	-0.998170	-0.000000	0.060476	-0.021079	-0.937287	-0.347920	0.056683	-0.348558	0.935572
377	-6.365958	2.500031	-8.443175	-0.998145	0.000000	0.060883	-0.021720	-0.934205	-0.356076	0.056877	-0.356738	0.932472
378	-6.415864	2.500031	-8.440116	-0.998122	0.000001	0.061266	-0.022354	-0.931062	-0.364175	0.057042	-0.364860	0.929313
379	-6.465769	2.500031	-8.437042	-0.998099	-0.000000	0.061624	-0.022981	-0.927862	-0.372216	0.057178	-0.372925	0.926098
380	-6.515674	2.500031	-8.433948	-0.998079	-0.000001	0.061958	-0.023601	-0.924603	-0.380200	0.057287	-0.380932	0.922827
381	-6.565577	2.500031	-8.430836	-0.998059	-0.000000	0.062268	-0.024215	-0.921287	-0.388128	0.057367	-0.388883	0.919499
382	-6.615479	2.500031	-8.427708	-0.998042	0.000000	0.062554	-0.024820	-0.917916	-0.395998	0.057419	-0.396775	0.916118
383	-6.665380	2.500031	-8.424568	-0.998025	0.000001	0.062815	-0.025416	-0.914491	-0.403807	0.057444	-0.404606	0.912685
384	-6.715281	2.500031	-8.421420	-0.998010	-0.000000	0.063051	-0.026000	-0.911014	-0.411554	0.057441	-0.412375	0.909202
385	-6.765181	2.500031	-8.418258	-0.997997	-0.000001	0.063263	-0.026575	-0.907485	-0.419243	0.057410	-0.420084	0.905667
386	-6.815080	2.500031	-8.415083	-0.997985	-0.000000	0.063450	-0.027140	-0.903905	-0.426871	0.057353	-0.427733	0.902084
387	-6.864978	2.500031	-8.411899	-0.997975	0.000000	0.063612	-0.027692	-0.900276	-0.434438	0.057268	-0.435320	0.898453
388	-6.914876	2.500031	-8.408709	-0.997966	0.000001	0.063749	-0.028231	-0.896599	-0.441942	0.057157	-0.442843	0.894776
389	-6.964774	2.500031	-8.405517	-0.997959	-0.000000	0.063861	-0.028756	-0.892877	-0.449381	0.057020	-0.450301	0.891054
390	-7.014672	2.500031	-8.402318	-0.997953	-0.000001	0.063948	-0.029268	-0.889109	-0.456759	0.056857	-0.457696	0.887289
391	-7.064569	2.500031	-8.399111	-0.997949	-0.000000	0.064009	-0.029766	-0.885296	-0.464074	0.056667	-0.465028	0.883481
392	-7.114466	2.500031	-8.395902	-0.997947	0.000000	0.064045	-0.030249	-0.881441	-0.471325	0.056452	-0.472295	0.879631
393	-7.164363	2.500031	-8.392694	-0.997946	0.000001	0.064056	-0.030715	-0.877544	-0.478511	0.056212	-0.479496	0.875742
394	-7.214260	2.500031	-8.389490	-0.997947	-0.000000	0.064041	-0.031164	-0.873608	-0.485631	0.055947	-0.486629	0.871815
395	-7.264157	2.500031	-8.386285	-0.997950	-0.000001	0.064001	-0.031597	-0.869634	-0.492686	0.055657	-0.493698	0.867851
396	-7.314054	2.500031	-8.383079	-0.997954	-0.000000	0.063935	-0.032012	-0.865620	-0.499676	0.055344	-0.500701	0.863849
397	-7.363952	2.500031	-8.379877	-0.997960	0.000001	0.063844	-0.032410	-0.861571	-0.506601	0.055006	-0.507637	0.859814
398	-7.413850	2.500031	-8.376682	-0.997968	0.000001	0.063724	-0.032787	-0.857488	-0.513459	0.054642	-0.514504	0.855745
399	-7.463748	2.500031	-8.373498	-0.997977	-0.000000	0.063577	-0.033142	-0.853372	-0.520247	0.054255	-0.521302	0.851646
400	-7.513647	2.500031	-8.370318	-0.997988	-0.000000	0.063405	-0.033479	-0.849226	-0.526967	0.053846	-0.528029	0.847518
401	-7.563546	2.500031	-8.367144	-0.998000	0.000000	0.063207	-0.033796	-0.845050	-0.533618	0.053413	-0.534687	0.843360
402	-7.613446	2.500031	-8.363981	-0.998015	0.000001	0.062978	-0.034090	-0.840842	-0.540206	0.052954	-0.541281	0.839173
403	-7.663347	2.500031	-8.360833	-0.998031	0.000001	0.062716	-0.034357	-0.836602	-0.546733	0.052468	-0.547811	0.834955
404	-7.713249	2.500031	-8.357703	-0.998050	-0.000000	0.062417	-0.034595	-0.832339	-0.553187	0.051952	-0.554268	0.830716
405	-7.763151	2.500031	-8.354582	-0.998071	-0.000001	0.062088	-0.034809	-0.828055	-0.559566	0.051412	-0.560648	0.826457
406	-7.813055	2.500031	-8.351475	-0.998093	0.000000	0.061727	-0.034997	-0.823740	-0.565886	0.050847	-0.566967	0.822170
407	-7.862959	2.500031	-8.348387	-0.998118	0.000001	0.061328	-0.035155	-0.819401	-0.572142	0.050252	-0.573221	0.817858
408	-7.912865	2.500031	-8.345323	-0.998145	0.000001	0.060889	-0.035280	-0.815041	-0.578329	0.049627	-0.579404	0.813528
409	-7.962773	2.500031	-8.342288	-0.998174	-0.000001	0.060406	-0.035368	-0.810664	-0.584442	0.048969	-0.585511	0.809184
410	-8.012682	2.500031	-8.339273	-0.998205	-0.000001	0.059882	-0.035423	-0.806270	-0.590486	0.048282	-0.591548	0.804823
411	-8.062592	2.500031	-8.336280	-0.998239	-0.000000	0.059318	-0.035443	-0.801857	-0.596463	0.047565	-0.597516	0.800445
412	-8.112504	2.500031	-8.333317	-0.998275	0.000001	0.058712	-0.035428	-0.797429	-0.602372	0.046818	-0.603413	0.796053
413	-8.162419	2.500031	-8.330388	-0.998313	0.000001	0.058063	-0.035375	-0.792987	-0.608211	0.046043	-0.609239	0.791649
414	-8.212335	2.500031	-8.327500	-0.998353	-0.000001	0.057369	-0.035281	-0.788533	-0.613980	0.045238	-0.614993	0.787234
415	-8.262253	2.500031	-8.324641	-0.998395	-0.000001	0.056633	-0.035150	-0.784066	-0.619681	0.044405	-0.620677	0.782808
416	-8.312173	2.500031	-8.321816	-0.998439	-0.000000	0.055854	-0.034981	-0.779589	-0.625314	0.043544	-0.626292	0.778372
417	-8.362096	2.500031	-8.319031	-0.998485	0.000001	0.055031	-0.034771	-0.775102	-0.630879	0.042655	-0.631836	0.773927
418	-8.412021	2.500031	-8.316292	-0.998532	0.000001	0.054163	-0.034519	-0.770608	-0.636373	0.041738	-0.637309	0.769477
419	-8.461948	2.500031	-8.313603	-0.998581	-0.000001	0.053250	-0.034224	-0.766110	-0.641798	0.040795	-0.642710	0.765023
420	-8.511878	2.500031	-8.310956	-0.998632	-0.000001	0.052292	-0.033887	-0.761605	-0.647155	0.039826	-0.648042	0.760563
421	-8.561810	2.500031	-8.308353	-0.998684	-0.000000	0.051289	-0.033507	-0.757096	-0.652444	0.038831	-0.653304	0.756100
422	-8.611745	2.500031	-8.305801	-0.998737	0.000001	0.050240	-0.033083	-0.752585	-0.657664	0.037810	-0.658495	0.751634
423	-8.661683	2.500031	-8.303307	-0.998792	0.000001	0.049144	-0.032613	-0.748073	-0.662814	0.036763	-0.663616	0.747169
424	-8.711624	2.500031	-8.300875	-0.998847	-0.000001	0.048000	-0.032095	-0.743563	-0.667895	0.035691	-0.668665	0.742706
425	-8.761567	2.500031	-8.298496	-0.998904	-0.000001	0.046809	-0.031532	-0.739054	-0.672907	0.034595	-0.673646	0.738244
426	-8.811513	2.500031	-8.296172	-0.998961	-0.000000	0.045572	-0.030923	-0.734547	-0.677852	0.033475	-0.678557	0.733784
427	-8.861462	2.500031	-8.293911	-0.999019	0.000001	0.044286	-0.030265	-0.730045	-0.682729	0.032330	-0.683399	0.729329
428	-8.911414	2.500031	-8.291720	-0.999077	0.000001	0.042950	-0.029557	-0.725549	-0.687536	0.031162	-0.688171	0.724879
429	-8.961369	2.500031	-8.289604	-0.999136	-0.000001	0.041563	-0.028797	-0.721061	-0.692273	0.029970	-0.692872	0.720438
430	-9.011327	2.500031	-8.287552	-0.999195	-0.000001	0.040127	-0.027988	-0.716580	-0.696943	0.028755	-0.697505	0.716003
431	-9.061288	2.500031	-8.285567	-0.999253	-0.000000	0.038641	-0.027129	-0.712108	-0.701545	0.027517	-0.702069	0.711577
432	-9.111251	2.500031	-8.283658	-0.999311	0.000001	0.037104	-0.026217	-0.707647	-0.706079	0.026256	-0.706566	0.707160
433	-9.161218	2.500031	-8.281832	-0.999369	0.000001	0.035514	-0.025250	-0.703199	-0.710544	0.024973	-0.710993	0.702756
434	-9.211187	2.500031	-8.280094	-0.999426	-0.000000	0.033869	-0.024228	-0.698766	-0.714940	0.023667	-0.715351	0.698365
435	-9.261160	2.500031	-8.278433	-0.999482	-0.000001	0.032172	-0.023152	-0.694346	-0.719269	0.022339	-0.719641	0.693986
436	-9.311135	2.500031	-8.276852	-0.999537	-0.000000	0.030423	-0.022022	-0.689941	-0.723530	0.020990	-0.723866	0.689622
437	-9.361113	2.500031	-8.275359	-0.999590	0.000001	0.028618	-0.020835	-0.685553	-0.727724	0.019619	-0.728022	0.685273
438	-9.411093	2.500031	-8.273963	-0.999642	0.000001	0.026756	-0.019589	-0.681185	-0.731849	0.018226	-0.732111	0.680941
439	-9.461076	2.500031	-8.272670	-0.999692	-0.000000	0.024836	-0.018282	-0.676837	-0.735905	0.016810	-0.736133	0.676629
440	-9.511062	2.500031	-8.271466	-0.999739	-0.000001	0.022860	-0.016918	-0.672510	-0.739895	0.015374	-0.740088	0.672334
441	-9.561050	2.500031	-8.270356	-0.999783	-0.000000	0.020828	-0.015496	-0.668203	-0.743817	0.013918	-0.743979	0.668058
442	-9.611040	2.500031	-8.269350	-0.999824	0.000001	0.018737	-0.014012	-0.663920	-0.747672	0.012439	-0.747804	0.663803
443	-9.661032	2.500031	-8.268454	-0.999862	0.000000	0.016584	-0.012464	-0.659662	-0.751459	0.010939	-0.751562	0.659571
444	-9.711025	2.500031	-8.267677	-0.999897	-0.000000	0.014368	-0.010851	-0.655431	-0.755177	0.009417	-0.755255	0.655363
445	-9.761020	2.500031	-8.267003	-0.999927	-0.000001	0.012092	-0.009176	-0.651226	-0.758828	0.007875	-0.758884	0.651178
446	-9.811018	2.500031	-8.266438	-0.999952	-0.000000	0.009756	-0.007438	-0.647048	-0.762413	0.006313	-0.762449	0.647017
447	-9.861016	2.500031	-8.265991	-0.999973	0.000000	0.007356	-0.005634	-0.642899	-0.765930	0.004729	-0.765951	0.642882
448	-9.911015	2.500031	-8.265671	-0.999988	0.000000	0.004889	-0.003761	-0.638781	-0.769379	0.003122	-0.769388	0.638774
449	-9.961014	2.500031	-8.265486	-0.999997	-0.000000	0.002353	-0.001818	-0.634696	-0.772759	0.001494	-0.772762	0.634695
450	-10.011014	2.500031	-8.265420	-1.000000	-0.000001	-0.000246	0.000191	-0.630643	-0.776073	-0.000155	-0.776073	0.630643
451	-10.061014	2.500031	-8.265478	-0.999996	-0.000000	-0.002911	0.002269	-0.626623	-0.779319	-0.001824	-0.779323	0.626620
452	-10.111015	2.500031	-8.265671	-0.999984	0.000000	-0.005645	0.004417	-0.622637	-0.782498	-0.003515	-0.782511	0.622627
453	-10.161013	2.500031	-8.266010	-0.999964	0.000000	-0.008452	0.006640	-0.618688	-0.785609	-0.005229	-0.785637	0.618666
454	-10.211009	2.500031	-8.266500	-0.999936	-0.000000	-0.011334	0.008939	-0.614777	-0.788650	-0.006967	-0.788701	0.614738
455	-10.261006	2.500031	-8.267126	-0.999898	-0.000000	-0.014285	0.011310	-0.610904	-0.791624	-0.008726	-0.791705	0.610842
456	-10.311001	2.500031	-8.267893	-0.999850	-0.000000	-0.017308	0.013754	-0.607069	-0.794530	-0.010507	-0.794649	0.606978
457	-10.360993	2.500031	-8.268813	-0.999792	0.000000	-0.020406	0.016274	-0.603274	-0.797368	-0.012311	-0.797534	0.603149
458	-10.410981	2.500031	-8.269897	-0.999722	0.000000	-0.023583	0.018875	-0.599522	-0.800136	-0.014139	-0.800359	0.599355
459	-10.460963	2.500031	-8.271153	-0.999640	-0.000000	-0.026843	0.021558	-0.595813	-0.802834	-0.015993	-0.803123	0.595598
460	-10.510944	2.500031	-8.272562	-0.999545	-0.000000	-0.030177	0.024318	-0.592146	-0.805464	-0.017869	-0.805831	0.591876
461	-10.560920	2.500031	-8.274132	-0.999436	-0.000000	-0.033590	0.027157	-0.588523	-0.808024	-0.019769	-0.808480	0.588191
462	-10.610891	2.500031	-8.275874	-0.999312	0.000000	-0.037085	0.030079	-0.584946	-0.810515	-0.021693	-0.811073	0.584543
463	-10.660853	2.500031	-8.277801	-0.999173	0.000000	-0.040667	0.033087	-0.581415	-0.812934	-0.023645	-0.813607	0.580934
464	-10.710806	2.500031	-8.279920	-0.999017	-0.000000	-0.044339	0.036184	-0.577934	-0.815281	-0.025625	-0.816084	0.577366
465	-10.760753	2.500031	-8.282214	-0.998843	-0.000000	-0.048093	0.039365	-0.574500	-0.817557	-0.027629	-0.818505	0.573835
466	-10.810694	2.500031	-8.284687	-0.998651	-0.000000	-0.051932	0.042630	-0.571114	-0.819763	-0.029659	-0.820870	0.570344
467	-10.860624	2.500031	-8.287355	-0.998439	0.000000	-0.055862	0.045984	-0.567779	-0.821895	-0.031717	-0.823181	0.566893
468	-10.910540	2.500031	-8.290230	-0.998205	0.000000	-0.059886	0.049432	-0.564496	-0.823954	-0.033806	-0.825436	0.563483
469	-10.960442	2.500031	-8.293321	-0.997949	-0.000000	-0.064009	0.052977	-0.561267	-0.825938	-0.035926	-0.827635	0.560116
470	-11.010334	2.500031	-8.296607	-0.997670	-0.000000	-0.068223	0.056610	-0.558090	-0.827847	-0.038074	-0.829781	0.556789
471	-11.060214	2.500031	-8.300097	-0.997366	-0.000000	-0.072530	0.060335	-0.554966	-0.829682	-0.040251	-0.831873	0.553504
472	-11.110078	2.500031	-8.303803	-0.997036	-0.000000	-0.076935	0.064157	-0.551897	-0.831441	-0.042460	-0.833912	0.550261
473	-11.159922	2.500031	-8.307742	-0.996678	0.000000	-0.081444	0.068079	-0.548885	-0.833121	-0.044704	-0.835898	0.547061
474	-11.209744	2.500031	-8.311923	-0.996290	-0.000000	-0.086062	0.072106	-0.545931	-0.834722	-0.046984	-0.837830	0.543905
475	-11.259550	2.500031	-8.316323	-0.995871	-0.000000	-0.090779	0.076228	-0.543033	-0.836244	-0.049296	-0.839711	0.540791
476	-11.309337	2.500031	-8.320950	-0.995420	-0.000000	-0.095597	0.080449	-0.540193	-0.837687	-0.051641	-0.841541	0.537719
477	-11.359101	2.500031	-8.325820	-0.994935	-0.000000	-0.100524	0.084774	-0.537413	-0.839048	-0.054023	-0.843319	0.534691
478	-11.408837	2.500031	-8.330949	-0.994412	-0.000000	-0.105565	0.089207	-0.534694	-0.840324	-0.056445	-0.845046	0.531706
479	-11.458540	2.500031	-8.336349	-0.993851	0.000000	-0.110724	0.093752	-0.532037	-0.841515	-0.058909	-0.846721	0.528766
480	-11.508221	2.500031	-8.341993	-0.993250	-0.000000	-0.115991	0.098401	-0.529441	-0.842621	-0.061411	-0.848347	0.525867
481	-11.557874	2.500031	-8.347892	-0.992607	-0.000000	-0.121370	0.103155	-0.526907	-0.843640	-0.063950	-0.849923	0.523011
482	-11.607495	2.500031	-8.354061	-0.991920	-0.000000	-0.126866	0.108021	-0.524436	-0.844570	-0.066533	-0.851450	0.520198
483	-11.657075	2.500031	-8.360520	-0.991185	-0.000000	-0.132487	0.113002	-0.522031	-0.845408	-0.069162	-0.852927	0.517429
484	-11.706611	2.500031	-8.367280	-0.990399	0.000000	-0.138236	0.118103	-0.519692	-0.846151	-0.071841	-0.854354	0.514702
485	-11.756114	2.500031	-8.374313	-0.989563	0.000000	-0.144104	0.123314	-0.517417	-0.846802	-0.074562	-0.855733	0.512017
486	-11.805579	2.500031	-8.381629	-0.988672	-0.000000	-0.150091	0.128638	-0.515209	-0.847356	-0.077328	-0.857065	0.509373
487	-11.854998	2.500031	-8.389247	-0.987724	-0.000001	-0.156207	0.134081	-0.513068	-0.847811	-0.080144	-0.858348	0.506769
488	-11.904363	2.500031	-8.397186	-0.986715	-0.000001	-0.162459	0.139647	-0.510996	-0.848164	-0.083015	-0.859583	0.504207
489	-11.953667	2.500031	-8.405459	-0.985642	0.000000	-0.168851	0.145342	-0.508994	-0.848411	-0.085945	-0.860770	0.501685
490	-12.002926	2.500031	-8.414037	-0.984502	0.000000	-0.175373	0.151156	-0.507060	-0.848553	-0.088925	-0.861911	0.499202
491	-12.052133	2.500031	-8.422929	-0.983294	-0.000000	-0.182027	0.157090	-0.505196	-0.848587	-0.091959	-0.863004	0.496756
492	-12.101278	2.500031	-8.432156	-0.982012	-0.000001	-0.188818	0.163149	-0.503403	-0.848509	-0.095051	-0.864052	0.494348
493	-12.150350	2.500031	-8.441740	-0.980653	-0.000001	-0.195753	0.169337	-0.501683	-0.848316	-0.098205	-0.865052	0.491977
494	-12.199341	2.500031	-8.451693	-0.979213	0.000001	-0.202833	0.175654	-0.500036	-0.848003	-0.101424	-0.866005	0.489642
495	-12.248270	2.500031	-8.461984	-0.977692	0.000001	-0.210045	0.182090	-0.498461	-0.847573	-0.104700	-0.866912	0.487341
496	-12.297131	2.500031	-8.472623	-0.976084	-0.000001	-0.217395	0.188650	-0.496958	-0.847020	-0.108036	-0.867774	0.485073
497	-12.345908	2.500031	-8.483633	-0.974384	-0.000002	-0.224891	0.195339	-0.495530	-0.846341	-0.111439	-0.868591	0.482837
498	-12.394589	2.500031	-8.495035	-0.972587	-0.000001	-0.232538	0.202160	-0.494177	-0.845530	-0.114914	-0.869361	0.480631
499	-12.443164	2.500031	-8.506845	-0.970689	0.000001	-0.240340	0.209115	-0.492902	-0.844582	-0.118465	-0.870085	0.478454
500	-12.491657	2.500031	-8.519027	-0.968687	0.000001	-0.248284	0.216196	-0.491701	-0.843498	-0.122082	-0.870764	0.476304
501	-12.540059	2.500031	-8.531595	-0.966578	-0.000001	-0.256373	0.223403	-0.490576	-0.842274	-0.125770	-0.871398	0.474180
502	-12.588352	2.500031	-8.544571	-0.964355	-0.000002	-0.264612	0.230739	-0.489528	-0.840905	-0.129533	-0.871987	0.472080
503	-12.636519	2.500031	-8.557976	-0.962013	-0.000002	-0.273005	0.238206	-0.488560	-0.839385	-0.133378	-0.872530	0.470001
504	-12.684550	2.500031	-8.571827	-0.959545	0.000001	-0.281557	0.245806	-0.487671	-0.837709	-0.137308	-0.873028	0.467941
505	-12.732473	2.500031	-8.586088	-0.956948	0.000001	-0.290258	0.253534	-0.486859	-0.835876	-0.141316	-0.873480	0.465899
506	-12.780276	2.500031	-8.600773	-0.954220	-0.000001	-0.299107	0.261386	-0.486127	-0.833881	-0.145403	-0.873888	0.463872
507	-12.827939	2.500031	-8.615903	-0.951353	-0.000003	-0.308104	0.269362	-0.485474	-0.831720	-0.149575	-0.874251	0.461858
508	-12.875442	2.500031	-8.631501	-0.948341	-0.000002	-0.317253	0.277460	-0.484903	-0.829388	-0.153835	-0.874568	0.459854
509	-12.922770	2.500031	-8.647580	-0.945178	0.000002	-0.326556	0.285683	-0.484414	-0.826878	-0.158190	-0.874839	0.457857
510	-12.969958	2.500031	-8.664110	-0.941859	0.000002	-0.336008	0.294028	-0.484006	-0.824188	-0.162631	-0.875065	0.455865
511	-13.016993	2.500031	-8.681100	-0.938381	-0.000001	-0.345603	0.302488	-0.483679	-0.821314	-0.167160	-0.875246	0.453875
512	-13.063850	2.500031	-8.698573	-0.934737	-0.000003	-0.355339	0.311058	-0.483434	-0.818251	-0.171781	-0.875381	0.451885
513	-13.110504	2.500031	-8.716549	-0.930923	-0.000002	-0.365216	0.319737	-0.483273	-0.814994	-0.176497	-0.875470	0.449891
514	-13.156939	2.500031	-8.735043	-0.926932	0.000002	-0.375231	0.328518	-0.483197	-0.811540	-0.181312	-0.875512	0.447890
515	-13.203196	2.500031	-8.754023	-0.922757	0.000002	-0.385382	0.337404	-0.483203	-0.807882	-0.186219	-0.875508	0.445879
516	-13.249258	2.500031	-8.773501	-0.918395	-0.000001	-0.395664	0.346388	-0.483293	-0.804017	-0.191221	-0.875459	0.443854
517	-13.295098	2.500031	-8.793495	-0.913842	-0.000004	-0.406070	0.355460	-0.483467	-0.799942	-0.196319	-0.875362	0.441814
518	-13.340686	2.500031	-8.814023	-0.909093	-0.000003	-0.416593	0.364611	-0.483727	-0.795655	-0.201515	-0.875219	0.439754
519	-13.386004	2.500031	-8.835099	-0.904146	0.000003	-0.427223	0.373830	-0.484074	-0.791153	-0.206810	-0.875027	0.437673
520	-13.431098	2.500031	-8.856697	-0.898992	0.000003	-0.437966	0.383126	-0.484506	-0.786428	-0.212199	-0.874788	0.435566
521	-13.475950	2.500031	-8.878824	-0.893625	-0.000001	-0.448815	0.392490	-0.485023	-0.781476	-0.217685	-0.874502	0.433428
522	-13.520529	2.500031	-8.901494	-0.888044	-0.000004	-0.459759	0.401908	-0.485626	-0.776297	-0.223268	-0.874167	0.431259
523	-13.564801	2.500031	-8.924723	-0.882248	-0.000003	-0.470785	0.411365	-0.486316	-0.770893	-0.228947	-0.873783	0.429053
524	-13.608748	2.500031	-8.948519	-0.876234	0.000003	-0.481887	0.420854	-0.487094	-0.765259	-0.234727	-0.873349	0.426807
525	-13.652418	2.500031	-8.972867	-0.869984	0.000003	-0.493079	0.430391	-0.487959	-0.759381	-0.240605	-0.872866	0.424515
526	-13.695793	2.500031	-8.997769	-0.863502	-0.000001	-0.504345	0.439957	-0.488911	-0.753262	-0.246579	-0.872334	0.422176
527	-13.738838	2.500031	-9.023235	-0.856792	-0.000004	-0.515662	0.449530	-0.489951	-0.746908	-0.252646	-0.871750	0.419788
528	-13.781520	2.500031	-9.049271	-0.849859	-0.000004	-0.527010	0.459088	-0.491079	-0.740324	-0.258801	-0.871115	0.417349
529	-13.823816	2.500031	-9.075883	-0.842704	0.000003	-0.538377	0.468617	-0.492296	-0.733514	-0.265043	-0.870428	0.414858
530	-13.865779	2.500031	-9.103067	-0.835307	0.000004	-0.549784	0.478139	-0.493601	-0.726458	-0.271377	-0.869688	0.412307
531	-13.907390	2.500031	-9.130820	-0.827670	-0.000000	-0.561215	0.487637	-0.494994	-0.719160	-0.277798	-0.868896	0.409692
532	-13.948613	2.500031	-9.159143	-0.819805	-0.000005	-0.572643	0.497085	-0.496476	-0.711630	-0.284301	-0.868050	0.407016
533	-13.989416	2.500031	-9.188036	-0.811721	-0.000004	-0.584045	0.506456	-0.498047	-0.703883	-0.290879	-0.867150	0.404278
534	-14.029775	2.500031	-9.217499	-0.803425	0.000004	-0.595406	0.515735	-0.499708	-0.695923	-0.297532	-0.866194	0.401476
535	-14.069741	2.500031	-9.247541	-0.794890	0.000004	-0.606754	0.524950	-0.501458	-0.687726	-0.304264	-0.865182	0.398602
536	-14.109296	2.500031	-9.278154	-0.786124	0.000000	-0.618069	0.534082	-0.503297	-0.679300	-0.311072	-0.864114	0.395653
537	-14.148409	2.500031	-9.309329	-0.777143	-0.000004	-0.629324	0.543101	-0.505224	-0.670664	-0.317947	-0.862988	0.392634
538	-14.187047	2.500031	-9.341058	-0.767967	-0.000004	-0.640490	0.551978	-0.507241	-0.661836	-0.324880	-0.861804	0.389547
539	-14.225191	2.500031	-9.373336	-0.758605	0.000004	-0.651551	0.560698	-0.509348	-0.652827	-0.331869	-0.860560	0.386392
540	-14.262883	2.500031	-9.406184	-0.749025	0.000005	-0.662542	0.569292	-0.511544	-0.643607	-0.338922	-0.859257	0.383157
541	-14.300110	2.500031	-9.439590	-0.739240	0.000001	-0.673442	0.577740	-0.513829	-0.634189	-0.346035	-0.857892	0.379843
542	-14.336846	2.500031	-9.473536	-0.729274	-0.000004	-0.684222	0.586014	-0.516204	-0.624597	-0.353196	-0.856466	0.376456
543	-14.373062	2.500031	-9.508004	-0.719151	-0.000004	-0.694854	0.594085	-0.518668	-0.614855	-0.360396	-0.854976	0.373002
544	-14.408741	2.500031	-9.542986	-0.708890	0.000004	-0.705319	0.601933	-0.521221	-0.604984	-0.367629	-0.853422	0.369486
545	-14.443919	2.500031	-9.578512	-0.698457	0.000005	-0.715652	0.609593	-0.523862	-0.594950	-0.374906	-0.851803	0.365893
546	-14.478585	2.500031	-9.614569	-0.687863	0.000001	-0.725840	0.617049	-0.526593	-0.584765	-0.382223	-0.850117	0.362224
547	-14.512721	2.500031	-9.651128	-0.677137	-0.000003	-0.735857	0.624276	-0.529413	-0.574457	-0.389570	-0.848364	0.358487
548	-14.546305	2.500031	-9.688167	-0.666306	-0.000003	-0.745678	0.631250	-0.532321	-0.564056	-0.396938	-0.846543	0.354690
549	-14.579325	2.500031	-9.725669	-0.655393	0.000003	-0.755288	0.637954	-0.535316	-0.553580	-0.404320	-0.844652	0.350840
550	-14.611803	2.500031	-9.763679	-0.644363	0.000005	-0.764720	0.644419	-0.538401	-0.542999	-0.411728	-0.842689	0.346923
551	-14.643736	2.500031	-9.802176	-0.633230	0.000001	-0.773964	0.650635	-0.541574	-0.532327	-0.419159	-0.840653	0.342940
552	-14.675111	2.500031	-9.841130	-0.622021	-0.000002	-0.783001	0.656582	-0.544833	-0.521591	-0.426603	-0.838545	0.338899
553	-14.705919	2.500031	-9.880509	-0.610762	-0.000003	-0.791814	0.662245	-0.548177	-0.510817	-0.434053	-0.836362	0.334807
554	-14.736151	2.500031	-9.920295	-0.599463	0.000003	-0.800403	0.667618	-0.551608	-0.500015	-0.441510	-0.834103	0.330667
555	-14.765816	2.500031	-9.960539	-0.588093	0.000004	-0.808794	0.672726	-0.555127	-0.489157	-0.448985	-0.831766	0.326463
556	-14.794914	2.500031	-10.001219	-0.576678	0.000001	-0.816972	0.677555	-0.558730	-0.478268	-0.456467	-0.829350	0.322206
557	-14.823444	2.500031	-10.042301	-0.565244	-0.000002	-0.824924	0.682092	-0.562418	-0.467373	-0.463951	-0.826853	0.317904
558	-14.851402	2.500031	-10.083753	-0.553818	-0.000002	-0.832638	0.686323	-0.566190	-0.456497	-0.471431	-0.824275	0.313568
559	-14.878787	2.500031	-10.125553	-0.542422	0.000002	-0.840106	0.690241	-0.570047	-0.445662	-0.478901	-0.821612	0.309205
560	-14.905596	2.500031	-10.167753	-0.531035	0.000003	-0.847350	0.693864	-0.573986	-0.434848	-0.486369	-0.818865	0.304805
561	-14.931833	2.500031	-10.210333	-0.519664	0.000001	-0.854371	0.697192	-0.578009	-0.424062	-0.493835	-0.816030	0.300370
562	-14.957505	2.500031	-10.253258	-0.508326	-0.000001	-0.861165	0.700219	-0.582115	-0.413323	-0.501296	-0.813107	0.295905
563	-14.982615	2.500031	-10.296494	-0.497040	-0.000001	-0.867728	0.702941	-0.586301	-0.402648	-0.508749	-0.810093	0.291416
564	-15.007166	2.500031	-10.340022	-0.485824	0.000002	-0.874057	0.705353	-0.590567	-0.392055	-0.516190	-0.806988	0.286910
565	-15.031147	2.500031	-10.383891	-0.474662	0.000003	-0.880168	0.707470	-0.594912	-0.381530	-0.523624	-0.803791	0.282381
566	-15.054564	2.500031	-10.428083	-0.463561	0.000001	-0.886065	0.709292	-0.599337	-0.371080	-0.531052	-0.800497	0.277829
567	-15.077429	2.500031	-10.472564	-0.452535	-0.000001	-0.891747	0.710817	-0.603840	-0.360718	-0.538472	-0.797106	0.273259
568	-15.099754	2.500031	-10.517303	-0.441598	-0.000001	-0.897213	0.712043	-0.608419	-0.350458	-0.545881	-0.793616	0.268677
569	-15.121544	2.500031	-10.562280	-0.430762	0.000001	-0.902466	0.712971	-0.613073	-0.340314	-0.553278	-0.790026	0.264088
570	-15.142779	2.500031	-10.607543	-0.420020	0.000002	-0.907515	0.713609	-0.617802	-0.330277	-0.560665	-0.786334	0.259488
571	-15.163470	2.500031	-10.653073	-0.409376	0.000001	-0.912366	0.713959	-0.622605	-0.320352	-0.568044	-0.782536	0.254879
572	-15.183632	2.500031	-10.698841	-0.398836	-0.000000	-0.917022	0.714023	-0.627480	-0.310547	-0.575413	-0.778633	0.250262
573	-15.203282	2.500031	-10.744818	-0.388410	-0.000000	-0.921487	0.713803	-0.632426	-0.300870	-0.582772	-0.774621	0.245641
574	-15.222427	2.500031	-10.790986	-0.378105	0.000001	-0.925763	0.713299	-0.637441	-0.291330	-0.590119	-0.770499	0.241019
575	-15.241043	2.500031	-10.837388	-0.367919	0.000001	-0.929858	0.712518	-0.642524	-0.281924	-0.597457	-0.766265	0.236396
576	-15.259141	2.500031	-10.884008	-0.357854	0.000001	-0.933778	0.711460	-0.647675	-0.272655	-0.604785	-0.761917	0.231773
577	-15.276739	2.500031	-10.930820	-0.347914	0.000000	-0.937527	0.710131	-0.652891	-0.263528	-0.612103	-0.757452	0.227150
578	-15.293856	2.500031	-10.977798	-0.338101	-0.000000	-0.941110	0.708532	-0.658170	-0.254545	-0.619411	-0.752869	0.222528
579	-15.310503	2.500031	-11.024928	-0.328417	0.000000	-0.944533	0.706667	-0.663512	-0.245711	-0.626709	-0.748166	0.217908
580	-15.326651	2.500031	-11.072246	-0.318867	0.000000	-0.947800	0.704537	-0.668914	-0.237027	-0.633996	-0.743340	0.213294
581	-15.342312	2.500031	-11.119738	-0.309451	0.000001	-0.950915	0.702145	-0.674375	-0.228496	-0.641274	-0.738389	0.208686
582	-15.357506	2.500031	-11.167383	-0.300169	0.000001	-0.953886	0.699496	-0.679893	-0.220118	-0.648540	-0.733312	0.204082
583	-15.372253	2.500031	-11.215159	-0.291019	0.000000	-0.956717	0.696592	-0.685464	-0.211893	-0.655796	-0.728106	0.199483
584	-15.386564	2.500031	-11.263053	-0.282001	-0.000000	-0.959414	0.693435	-0.691089	-0.203822	-0.663041	-0.722769	0.194888
585	-15.400410	2.500031	-11.311095	-0.273121	-0.000000	-0.961980	0.690026	-0.696766	-0.195909	-0.670275	-0.717298	0.190302
586	-15.413802	2.500031	-11.359275	-0.264380	0.000000	-0.964419	0.686369	-0.702492	-0.188157	-0.677496	-0.711692	0.185724
587	-15.426760	2.500031	-11.407574	-0.255774	0.000001	-0.966737	0.682466	-0.708263	-0.180564	-0.684704	-0.705949	0.181155
588	-15.439306	2.500031	-11.455975	-0.247300	0.000000	-0.968939	0.678322	-0.714078	-0.173127	-0.691898	-0.700066	0.176591
589	-15.451450	2.500031	-11.504466	-0.238954	-0.000000	-0.971031	0.673936	-0.719935	-0.165843	-0.699079	-0.694042	0.172031
590	-15.463162	2.500031	-11.553073	-0.230745	-0.000000	-0.973014	0.669309	-0.725833	-0.158722	-0.706245	-0.687871	0.167482
591	-15.474454	2.500031	-11.601787	-0.222672	0.000000	-0.974893	0.664443	-0.731767	-0.151763	-0.713395	-0.681555	0.162944
592	-15.485347	2.500031	-11.650592	-0.214731	0.000001	-0.976673	0.659343	-0.737735	-0.144964	-0.720526	-0.675091	0.158414
593	-15.495859	2.500031	-11.699474	-0.206917	0.000001	-0.978358	0.654009	-0.743734	-0.138320	-0.727638	-0.668476	0.153891
594	-15.506002	2.500031	-11.748425	-0.199225	-0.000001	-0.979954	0.648443	-0.749762	-0.131828	-0.734732	-0.661708	0.149372
595	-15.515746	2.500031	-11.797465	-0.191664	-0.000001	-0.981461	0.642644	-0.755816	-0.125498	-0.741804	-0.654784	0.144864
596	-15.525104	2.500031	-11.846586	-0.184234	-0.000000	-0.982882	0.636615	-0.761894	-0.119329	-0.748852	-0.647702	0.140367
597	-15.534094	2.500031	-11.895776	-0.176929	0.000001	-0.984224	0.630357	-0.767991	-0.113317	-0.755875	-0.640461	0.135879
598	-15.542734	2.500031	-11.945024	-0.169742	0.000001	-0.985489	0.623872	-0.774104	-0.107457	-0.762871	-0.633059	0.131397
599	-15.551035	2.500031	-11.994322	-0.162669	-0.000001	-0.986681	0.617161	-0.780230	-0.101748	-0.769838	-0.625492	0.126920
600	-15.558970	2.500031	-12.043687	-0.155721	-0.000001	-0.987801	0.610223	-0.786367	-0.096198	-0.776774	-0.617759	0.122455
601	-15.566549	2.500031	-12.093113	-0.148895	-0.000000	-0.988853	0.603060	-0.792511	-0.090805	-0.783676	-0.609858	0.118001
602	-15.573790	2.500031	-12.142591	-0.142184	0.000001	-0.989840	0.595672	-0.798657	-0.085565	-0.790543	-0.601786	0.113555
603	-15.580711	2.500031	-12.192109	-0.135581	0.000001	-0.990766	0.588061	-0.804803	-0.080474	-0.797372	-0.593541	0.109116
604	-15.587320	2.500031	-12.241664	-0.129086	-0.000001	-0.991633	0.580228	-0.810944	-0.075531	-0.804160	-0.585123	0.104682
605	-15.593592	2.500031	-12.291268	-0.122707	-0.000001	-0.992443	0.572173	-0.817076	-0.070744	-0.810901	-0.576530	0.100262
606	-15.599539	2.500031	-12.340916	-0.116439	-0.000000	-0.993198	0.563895	-0.823196	-0.066109	-0.817597	-0.567757	0.095852
607	-15.605175	2.500031	-12.390601	-0.110276	0.000001	-0.993901	0.555394	-0.829301	-0.061623	-0.824243	-0.558802	0.091452
608	-15.610516	2.500031	-12.440315	-0.104213	0.000001	-0.994555	0.546670	-0.835386	-0.057282	-0.830838	-0.549663	0.087058
609	-15.615571	2.500031	-12.490053	-0.098249	-0.000001	-0.995162	0.537729	-0.841445	-0.053087	-0.837374	-0.540343	0.082671
610	-15.620317	2.500031	-12.539827	-0.092391	-0.000001	-0.995723	0.528570	-0.847472	-0.049044	-0.843847	-0.530841	0.078299
611	-15.624764	2.500031	-12.589631	-0.086633	-0.000000	-0.996240	0.519189	-0.853466	-0.045148	-0.850257	-0.521148	0.073938
612	-15.628926	2.500031	-12.639461	-0.080971	0.000001	-0.996716	0.509585	-0.859424	-0.041398	-0.856602	-0.511263	0.069588
613	-15.632817	2.500031	-12.689309	-0.075401	0.000001	-0.997153	0.499756	-0.865341	-0.037790	-0.862878	-0.501183	0.065247
614	-15.636445	2.500031	-12.739172	-0.069925	-0.000001	-0.997552	0.489714	-0.871207	-0.034327	-0.869075	-0.490916	0.060919
615	-15.639789	2.500031	-12.789060	-0.064547	-0.000001	-0.997915	0.479454	-0.877019	-0.031012	-0.875190	-0.480456	0.056610
616	-15.642858	2.500031	-12.838968	-0.059261	0.000000	-0.998243	0.468971	-0.882775	-0.027841	-0.881223	-0.469797	0.052314
617	-15.645666	2.500031	-12.888891	-0.054064	0.000001	-0.998537	0.458268	-0.888468	-0.024813	-0.887168	-0.458939	0.048033
618	-15.648224	2.500031	-12.938826	-0.048951	0.000001	-0.998801	0.447348	-0.894091	-0.021925	-0.893019	-0.447885	0.043766
619	-15.650540	2.500031	-12.988768	-0.043922	-0.000001	-0.999035	0.436210	-0.899640	-0.019177	-0.898772	-0.436632	0.039514
620	-15.652595	2.500031	-13.038725	-0.038982	-0.000001	-0.999240	0.424845	-0.905114	-0.016573	-0.904426	-0.425168	0.035283
621	-15.654397	2.500031	-13.088695	-0.034127	0.000000	-0.999418	0.413261	-0.910503	-0.014111	-0.909973	-0.413502	0.031072
622	-15.655957	2.500031	-13.138673	-0.029351	0.000001	-0.999569	0.401470	-0.915796	-0.011790	-0.915402	-0.401643	0.026879
623	-15.657289	2.500031	-13.188655	-0.024649	0.000001	-0.999696	0.389481	-0.920984	-0.009604	-0.920705	-0.389599	0.022701
624	-15.658399	2.500031	-13.238639	-0.020000	-0.000001	-0.999800	0.377264	-0.926075	-0.007546	-0.925890	-0.377340	0.018522
625	-15.659268	2.500031	-13.288631	-0.015412	-0.000001	-0.999881	0.364826	-0.931059	-0.005622	-0.930948	-0.364869	0.014350
626	-15.659903	2.500031	-13.338629	-0.010899	-0.000001	-0.999941	0.352189	-0.935921	-0.003838	-0.935866	-0.352210	0.010201
627	-15.660315	2.500031	-13.388629	-0.006457	0.000000	-0.999979	0.339341	-0.940661	-0.002192	-0.940641	-0.339348	0.006074
628	-15.660514	2.500031	-13.438628	-0.002085	0.000001	-0.999998	0.326269	-0.945277	-0.000681	-0.945275	-0.326270	0.001971
629	-15.660508	2.500031	-13.488625	0.002209	-0.000001	-0.999998	0.312989	-0.949757	0.000692	-0.949754	-0.312990	-0.002098
630	-15.660281	2.500031	-13.538625	0.006427	-0.000001	-0.999979	0.299510	-0.954091	0.001926	-0.954071	-0.299516	-0.006132
631	-15.659839	2.500031	-13.588624	0.010576	-0.000000	-0.999944	0.285813	-0.958280	0.003023	-0.958227	-0.285829	-0.010135
632	-15.659192	2.500031	-13.638621	0.014660	0.000000	-0.999893	0.271898	-0.962318	0.003986	-0.962214	-0.271927	-0.014107
633	-15.658348	2.500031	-13.688614	0.018681	0.000000	-0.999825	0.257763	-0.966196	0.004816	-0.966028	-0.257808	-0.018050
634	-15.657312	2.500031	-13.738601	0.022633	-0.000001	-0.999744	0.243441	-0.969900	0.005512	-0.969652	-0.243504	-0.021951
635	-15.656072	2.500031	-13.788585	0.026513	-0.000000	-0.999648	0.228917	-0.973427	0.006072	-0.973085	-0.228998	-0.025808
636	-15.654634	2.500031	-13.838566	0.030333	0.000000	-0.999540	0.214177	-0.976773	0.006499	-0.976324	-0.214275	-0.029628
637	-15.653006	2.500031	-13.888541	0.034095	0.000001	-0.999419	0.199240	-0.979927	0.006796	-0.979357	-0.199356	-0.033411
638	-15.651197	2.500031	-13.938508	0.037803	0.000001	-0.999285	0.184127	-0.982878	0.006965	-0.982175	-0.184258	-0.037155
639	-15.649210	2.500031	-13.988466	0.041467	-0.000001	-0.999140	0.168813	-0.985623	0.007007	-0.984775	-0.168959	-0.040871
640	-15.647034	2.500031	-14.038419	0.045085	-0.000001	-0.998983	0.153295	-0.988156	0.006919	-0.987151	-0.153451	-0.044551
641	-15.644673	2.500031	-14.088364	0.048649	-0.000000	-0.998816	0.137601	-0.990465	0.006702	-0.989292	-0.137764	-0.048185
642	-15.642136	2.500031	-14.138300	0.052161	0.000001	-0.998639	0.121732	-0.992543	0.006358	-0.991191	-0.121898	-0.051772
643	-15.639430	2.500031	-14.188227	0.055623	0.000001	-0.998452	0.105691	-0.994382	0.005887	-0.992842	-0.105855	-0.055311
644	-15.636560	2.500031	-14.238143	0.059041	-0.000001	-0.998256	0.089461	-0.995976	0.005292	-0.994239	-0.089617	-0.058804
645	-15.633514	2.500031	-14.288050	0.062415	-0.000001	-0.998050	0.073061	-0.997317	0.004570	-0.995373	-0.073204	-0.062247
646	-15.630297	2.500031	-14.337947	0.065740	-0.000000	-0.997837	0.056498	-0.998396	0.003723	-0.996236	-0.056620	-0.065634
647	-15.626916	2.500031	-14.387834	0.069016	0.000000	-0.997616	0.039760	-0.999205	0.002750	-0.996823	-0.039855	-0.068961
648	-15.623377	2.500031	-14.437708	0.072243	0.000000	-0.997387	0.022834	-0.999738	0.001653	-0.997126	-0.022894	-0.072224
649	-15.619684	2.500031	-14.487570	0.075408	-0.000001	-0.997153	0.005774	-0.999983	0.000437	-0.997136	-0.005791	-0.075406
650	-15.615829	2.500031	-14.537421	0.078512	-0.000000	-0.996913	-0.011449	-0.999934	-0.000901	-0.996847	0.011484	-0.078507
651	-15.611815	2.500031	-14.587260	0.081571	0.000001	-0.996668	-0.028845	-0.999581	-0.002361	-0.996250	0.028941	-0.081536
652	-15.607648	2.500031	-14.637087	0.084586	0.000001	-0.996416	-0.046368	-0.998917	-0.003937	-0.995337	0.046535	-0.084494
653	-15.603336	2.500031	-14.686901	0.087563	0.000001	-0.996159	-0.063971	-0.997936	-0.005624	-0.994103	0.064218	-0.087382
654	-15.598881	2.500031	-14.736701	0.090512	-0.000001	-0.995895	-0.081675	-0.996631	-0.007422	-0.992541	0.082012	-0.090207
655	-15.594273	2.500031	-14.786488	0.093431	-0.000001	-0.995626	-0.099508	-0.994993	-0.009337	-0.990641	0.099945	-0.092963
656	-15.589516	2.500031	-14.836262	0.096311	0.000000	-0.995351	-0.117418	-0.993018	-0.011362	-0.988401	0.117966	-0.095639
657	-15.584617	2.500031	-14.886022	0.099154	0.000001	-0.995072	-0.135387	-0.990701	-0.013492	-0.985819	0.136057	-0.098232
658	-15.579581	2.500031	-14.935767	0.101960	0.000001	-0.994789	-0.153397	-0.988040	-0.015723	-0.982890	0.154200	-0.100740
659	-15.574411	2.500031	-14.985498	0.104731	-0.000001	-0.994501	-0.171440	-0.985029	-0.018053	-0.979612	0.172388	-0.103163
660	-15.569100	2.500031	-15.035215	0.107470	-0.000001	-0.994208	-0.189519	-0.981663	-0.020485	-0.975978	0.190623	-0.105499
661	-15.563650	2.500031	-15.084918	0.110174	0.000000	-0.993912	-0.207624	-0.977938	-0.023015	-0.971985	0.208895	-0.107743
662	-15.558067	2.500031	-15.134606	0.112840	0.000001	-0.993613	-0.225752	-0.973847	-0.025639	-0.967628	0.227203	-0.109889
663	-15.552355	2.500031	-15.184278	0.115467	0.000001	-0.993311	-0.243900	-0.969386	-0.028353	-0.962902	0.245542	-0.111932
664	-15.546517	2.500031	-15.233935	0.118036	-0.000001	-0.993009	-0.261976	-0.964572	-0.031139	-0.957829	0.263820	-0.113855
665	-15.540546	2.500031	-15.283578	0.120552	-0.000001	-0.992707	-0.280054	-0.959382	-0.034008	-0.952385	0.282111	-0.115656
666	-15.534446	2.500031	-15.333205	0.123031	0.000001	-0.992403	-0.298137	-0.953807	-0.036962	-0.946561	0.300419	-0.117348
667	-15.528222	2.500031	-15.382816	0.125480	0.000002	-0.992096	-0.316143	-0.947869	-0.039987	-0.940377	0.318661	-0.118938
668	-15.521879	2.500031	-15.432412	0.127903	0.000001	-0.991787	-0.333990	-0.941592	-0.043073	-0.933859	0.336756	-0.120432
669	-15.515420	2.500031	-15.481992	0.130328	-0.000001	-0.991471	-0.351763	-0.934947	-0.046238	-0.926972	0.354789	-0.121850
670	-15.508835	2.500031	-15.531557	0.132751	-0.000001	-0.991149	-0.369462	-0.927927	-0.049483	-0.919714	0.372761	-0.123184
671	-15.502127	2.500031	-15.581105	0.135151	-0.000000	-0.990825	-0.386999	-0.920568	-0.052787	-0.912122	0.390583	-0.124415
672	-15.495301	2.500031	-15.630638	0.137520	0.000001	-0.990499	-0.404406	-0.912854	-0.056148	-0.904181	0.408285	-0.125535
673	-15.488363	2.500031	-15.680154	0.139853	0.000001	-0.990172	-0.421714	-0.904770	-0.059564	-0.895878	0.425900	-0.126534
674	-15.481313	2.500031	-15.729653	0.142130	-0.000001	-0.989848	-0.438842	-0.896352	-0.063011	-0.887252	0.443343	-0.127399
675	-15.474147	2.500031	-15.779137	0.144359	-0.000001	-0.989525	-0.455825	-0.887582	-0.066498	-0.878284	0.460650	-0.128131
676	-15.466868	2.500031	-15.828605	0.146557	0.000000	-0.989202	-0.472687	-0.878443	-0.070032	-0.868958	0.477847	-0.128742
677	-15.459479	2.500031	-15.878056	0.148727	0.000001	-0.988878	-0.489368	-0.868966	-0.073602	-0.859302	0.494872	-0.129238
678	-15.451984	2.500031	-15.927491	0.150874	0.000001	-0.988553	-0.505812	-0.859183	-0.077199	-0.849348	0.511669	-0.129628
679	-15.444384	2.500031	-15.976910	0.153010	-0.000001	-0.988225	-0.522028	-0.849090	-0.080826	-0.839092	0.528248	-0.129920
680	-15.436675	2.500031	-16.026312	0.155131	-0.000001	-0.987894	-0.538046	-0.838670	-0.084489	-0.828517	0.544639	-0.130104
681	-15.428858	2.500031	-16.075697	0.157230	0.000000	-0.987562	-0.553827	-0.827949	-0.088175	-0.817651	0.560803	-0.130178
682	-15.420937	2.500031	-16.125066	0.159305	0.000002	-0.987229	-0.569364	-0.816935	-0.091877	-0.806503	0.576729	-0.130141
683	-15.412915	2.500031	-16.174419	0.161355	0.000001	-0.986896	-0.584646	-0.805637	-0.095589	-0.795081	0.592409	-0.129993
684	-15.404796	2.500031	-16.223754	0.163376	-0.000001	-0.986564	-0.599659	-0.794070	-0.099303	-0.783401	0.607826	-0.129733
685	-15.396573	2.500031	-16.273073	0.165372	-0.000001	-0.986231	-0.614419	-0.782224	-0.103025	-0.771454	0.622997	-0.129359
686	-15.388249	2.500031	-16.322376	0.167344	0.000000	-0.985898	-0.628919	-0.770107	-0.106752	-0.759247	0.637915	-0.128873
687	-15.379828	2.500031	-16.371662	0.169294	0.000001	-0.985566	-0.643142	-0.757736	-0.110476	-0.746798	0.652562	-0.128279
688	-15.371311	2.500031	-16.420931	0.171221	0.000001	-0.985233	-0.657070	-0.745130	-0.114191	-0.734127	0.666919	-0.127581
689	-15.362702	2.500031	-16.470184	0.173121	-0.000001	-0.984901	-0.670680	-0.732319	-0.117888	-0.721261	0.680962	-0.126780
690	-15.353994	2.500031	-16.519420	0.174996	-0.000001	-0.984569	-0.684009	-0.719272	-0.121574	-0.708173	0.694729	-0.125871
691	-15.345192	2.500031	-16.568639	0.176850	0.000000	-0.984238	-0.697046	-0.706003	-0.125247	-0.694875	0.708209	-0.124857
692	-15.336297	2.500031	-16.617842	0.178684	0.000002	-0.983906	-0.709763	-0.692548	-0.128899	-0.681402	0.721372	-0.123746
693	-15.327313	2.500031	-16.667028	0.180500	0.000001	-0.983575	-0.722134	-0.678941	-0.132522	-0.667790	0.734193	-0.122548
694	-15.318241	2.500031	-16.716198	0.182304	-0.000001	-0.983242	-0.734179	-0.665171	-0.136124	-0.654024	0.746691	-0.121265
695	-15.309077	2.500031	-16.765351	0.184098	-0.000001	-0.982908	-0.745906	-0.651235	-0.139707	-0.640104	0.758876	-0.119892
696	-15.299822	2.500031	-16.814487	0.185874	0.000000	-0.982574	-0.757296	-0.637165	-0.143258	-0.626062	0.770727	-0.118432
697	-15.290479	2.500031	-16.863607	0.187630	0.000002	-0.982240	-0.768357	-0.622964	-0.146775	-0.611901	0.782250	-0.116886
698	-15.281052	2.500031	-16.912710	0.189364	0.000001	-0.981907	-0.779094	-0.608635	-0.150252	-0.597623	0.793450	-0.115253
699	-15.271541	2.500031	-16.961796	0.191066	-0.000001	-0.981577	-0.789475	-0.594234	-0.153672	-0.583286	0.804292	-0.113539
700	-15.261942	2.500031	-17.010867	0.192740	-0.000001	-0.981250	-0.799538	-0.579720	-0.157047	-0.568850	0.814816	-0.111736
701	-15.252259	2.500031	-17.059920	0.194393	0.000000	-0.980924	-0.809287	-0.565096	-0.160379	-0.554316	0.825025	-0.109851
702	-15.242493	2.500031	-17.108957	0.196030	0.000002	-0.980598	-0.818692	-0.550415	-0.163664	-0.539736	0.834891	-0.107896
703	-15.232647	2.500031	-17.157978	0.197652	0.000001	-0.980272	-0.827730	-0.535732	-0.166896	-0.525163	0.844388	-0.105888
704	-15.222722	2.500031	-17.206983	0.199272	-0.000001	-0.979944	-0.836430	-0.521014	-0.170088	-0.510564	0.853548	-0.103825
705	-15.212714	2.500031	-17.255971	0.200889	-0.000001	-0.979614	-0.844798	-0.506264	-0.173241	-0.495943	0.862379	-0.101704
706	-15.202624	2.500031	-17.304943	0.202491	0.000000	-0.979284	-0.852821	-0.491528	-0.176342	-0.481345	0.870862	-0.099530
707	-15.192456	2.500031	-17.353898	0.204077	0.000002	-0.978955	-0.860513	-0.476799	-0.179387	-0.466765	0.879012	-0.097302
708	-15.182211	2.500031	-17.402837	0.205643	0.000001	-0.978627	-0.867889	-0.462069	-0.182373	-0.452193	0.886844	-0.095020
709	-15.171890	2.500031	-17.451760	0.207176	-0.000001	-0.978304	-0.874927	-0.447407	-0.185283	-0.437699	0.894331	-0.092693
710	-15.161491	2.500031	-17.500667	0.208682	-0.000001	-0.977983	-0.881659	-0.432765	-0.188128	-0.423237	0.901507	-0.090312
711	-15.151016	2.500031	-17.549557	0.210170	0.000000	-0.977665	-0.888093	-0.418142	-0.190915	-0.408802	0.908382	-0.087881
712	-15.140466	2.500031	-17.598432	0.211644	0.000002	-0.977347	-0.894212	-0.403593	-0.193642	-0.394451	0.914938	-0.085417
713	-15.129843	2.500031	-17.647290	0.213106	0.000001	-0.977029	-0.900002	-0.389180	-0.196305	-0.380240	0.921162	-0.082936
714	-15.119150	2.500031	-17.696133	0.214568	-0.000001	-0.976709	-0.905487	-0.374866	-0.198921	-0.366135	0.927079	-0.080436
715	-15.108381	2.500031	-17.744960	0.216028	-0.000001	-0.976387	-0.910677	-0.360651	-0.201489	-0.352135	0.932701	-0.077912
716	-15.097539	2.500031	-17.793770	0.217477	0.000000	-0.976065	-0.915568	-0.346582	-0.203998	-0.338287	0.938020	-0.075374
717	-15.086626	2.500031	-17.842565	0.218912	0.000002	-0.975745	-0.920175	-0.332654	-0.206445	-0.324585	0.943049	-0.072820
718	-15.075643	2.500031	-17.891343	0.220329	0.000001	-0.975426	-0.924511	-0.318857	-0.208829	-0.311021	0.947803	-0.070252
719	-15.064591	2.500031	-17.940107	0.221719	-0.000001	-0.975111	-0.928571	-0.305251	-0.211136	-0.297653	0.952272	-0.067681
720	-15.053469	2.500031	-17.988854	0.223085	-0.000001	-0.974799	-0.932378	-0.291792	-0.213377	-0.284438	0.956482	-0.065096
721	-15.042278	2.500031	-18.037585	0.224436	0.000000	-0.974489	-0.935941	-0.278478	-0.215558	-0.271374	0.960443	-0.062500
722	-15.031019	2.500031	-18.086301	0.225774	0.000002	-0.974180	-0.939255	-0.265359	-0.217680	-0.258507	0.964150	-0.059910
723	-15.019694	2.500031	-18.135002	0.227102	0.000001	-0.973871	-0.942319	-0.252483	-0.219744	-0.245886	0.967601	-0.057338
724	-15.008305	2.500031	-18.183687	0.228428	-0.000001	-0.973561	-0.945148	-0.239829	-0.221761	-0.233488	0.970815	-0.054785
725	-14.996847	2.500031	-18.232357	0.229750	-0.000001	-0.973250	-0.947755	-0.227387	-0.223731	-0.221304	0.973804	-0.052244
726	-14.985323	2.500031	-18.281011	0.231062	0.000000	-0.972939	-0.950144	-0.215195	-0.225648	-0.209372	0.976571	-0.049723
727	-14.973734	2.500031	-18.329649	0.232361	0.000001	-0.972630	-0.952327	-0.203254	-0.227511	-0.197691	0.979126	-0.047227
728	-14.962081	2.500031	-18.378273	0.233647	0.000001	-0.972321	-0.954313	-0.191568	-0.229320	-0.186266	0.981479	-0.044758
729	-14.950367	2.500031	-18.426881	0.234913	-0.000001	-0.972016	-0.956110	-0.180169	-0.231069	-0.175127	0.983636	-0.042325
730	-14.938588	2.500031	-18.475473	0.236162	-0.000001	-0.971714	-0.957732	-0.169025	-0.232764	-0.164243	0.985612	-0.039918
731	-14.926746	2.500031	-18.524051	0.237399	0.000000	-0.971412	-0.959189	-0.158140	-0.234411	-0.153619	0.987417	-0.037542
732	-14.914843	2.500031	-18.572614	0.238624	0.000001	-0.971112	-0.960484	-0.147546	-0.236012	-0.143284	0.989055	-0.035206
733	-14.902879	2.500031	-18.621161	0.239838	0.000001	-0.970813	-0.961622	-0.137275	-0.237568	-0.133268	0.990533	-0.032923
734	-14.890856	2.500031	-18.669694	0.241046	-0.000001	-0.970514	-0.962614	-0.127329	-0.239084	-0.123574	0.991861	-0.030693
735	-14.878772	2.500031	-18.718211	0.242245	-0.000001	-0.970215	-0.963473	-0.117683	-0.240562	-0.114178	0.993051	-0.028509
736	-14.866626	2.500031	-18.766714	0.243434	0.000000	-0.969917	-0.964206	-0.108359	-0.242001	-0.105100	0.994112	-0.026378
737	-14.854422	2.500031	-18.815202	0.244613	0.000001	-0.969621	-0.964821	-0.099374	-0.243402	-0.096356	0.995050	-0.024307
738	-14.842160	2.500031	-18.863675	0.245782	0.000001	-0.969325	-0.965326	-0.090744	-0.244768	-0.087960	0.995874	-0.022302
739	-14.829841	2.500031	-18.912133	0.246941	-0.000001	-0.969031	-0.965729	-0.082472	-0.246099	-0.079918	0.996593	-0.020367
740	-14.817463	2.500031	-18.960577	0.248091	-0.000001	-0.968737	-0.966042	-0.074541	-0.247400	-0.072210	0.997218	-0.018494
741	-14.805028	2.500031	-19.009006	0.249231	0.000000	-0.968444	-0.966270	-0.066963	-0.248672	-0.064850	0.997755	-0.016689
742	-14.792536	2.500031	-19.057421	0.250361	0.000001	-0.968153	-0.966423	-0.059755	-0.249913	-0.057852	0.998213	-0.014959
743	-14.779988	2.500031	-19.105821	0.251480	0.000001	-0.967863	-0.966506	-0.052931	-0.251127	-0.051230	0.998598	-0.013310
744	-14.767387	2.500031	-19.154206	0.252584	-0.000001	-0.967575	-0.966528	-0.046513	-0.252310	-0.045005	0.998918	-0.011750
745	-14.754728	2.500031	-19.202577	0.253673	-0.000001	-0.967290	-0.966498	-0.040465	-0.253465	-0.039141	0.999181	-0.010266
746	-14.742015	2.500031	-19.250934	0.254751	0.000000	-0.967007	-0.966421	-0.034793	-0.254597	-0.033645	0.999395	-0.008863
747	-14.729247	2.500031	-19.299277	0.255822	0.000001	-0.966724	-0.966303	-0.029523	-0.255710	-0.028541	0.999564	-0.007551
748	-14.716427	2.500031	-19.347605	0.256886	0.000001	-0.966442	-0.966147	-0.024682	-0.256807	-0.023854	0.999695	-0.006339
749	-14.703555	2.500031	-19.395920	0.257968	-0.000001	-0.966154	-0.965955	-0.020259	-0.257915	-0.019573	0.999795	-0.005227
750	-14.690629	2.500031	-19.444220	0.259103	-0.000000	-0.965850	-0.965722	-0.016242	-0.259069	-0.015687	0.999868	-0.004209
751	-14.677650	2.500031	-19.492506	0.260235	0.000001	-0.965545	-0.965468	-0.012653	-0.260214	-0.012218	0.999920	-0.003292
752	-14.664618	2.500031	-19.540778	0.261301	0.000002	-0.965257	-0.965214	-0.009504	-0.261289	-0.009175	0.999955	-0.002481
753	-14.651535	2.500031	-19.589036	0.262239	0.000001	-0.965003	-0.964981	-0.006804	-0.262233	-0.006567	0.999977	-0.001783
754	-14.638331	2.500031	-19.637261	0.263003	-0.000002	-0.964795	-0.964785	-0.004616	-0.263000	-0.004453	0.999989	-0.001216
755	-14.625078	2.500031	-19.685473	0.263646	-0.000003	-0.964619	-0.964615	-0.002984	-0.263645	-0.002878	0.999996	-0.000790
756	-14.611825	2.500031	-19.733684	0.264184	-0.000002	-0.964472	-0.964471	-0.001792	-0.264183	-0.001727	0.999998	-0.000475
757	-14.598571	2.500031	-19.781895	0.264619	-0.000001	-0.964353	-0.964353	-0.000918	-0.264619	-0.000885	1.000000	-0.000244
758	-14.585318	2.500031	-19.830107	0.264956	0.000000	-0.964261	-0.964261	-0.000246	-0.264956	-0.000237	1.000000	-0.000065